72.0833,71.7083,72.2083,71.9583,71.9479,73.2292,74.8542,76.6042,79.5417,82.1042,84.5625,87.1875,90.1875,94.0000,97.7500,100.1250,98.3958,100.0000,97.8750,29.5833,17.4271,18.7708,40.2917,27.2708,25.5833,19.4583,27.2708,681.1041,23.0208,25.2083,31.7083,19.1146,27.7708,0.0000,41.1042,28.8333,21.1146,28.5208,0.0000,20.0208,42.0417,24.8958,81.1042,20.8958,36.8542,30.5833,22.7083,41.4167,25.3333,22.9583,24.9583,21.4583,29.2708,25.5208,0.0000,21.4583,22.7083,23.5208,23.5208,21.6458,22.5208,24.5833,574.4375,22.9583,20.9271,22.8333,18.6771,24.3333,22.0833,0.0000,21.7083,22.5833,20.3333,23.7083,20.3646,20.0208,0.0000,22.8333,21.0208,20.9896,20.4583,19.8021,20.4271,22.3958,21.5833,21.6458,22.5833,21.9583,21.4583,22.1458,20.3646,20.6458,22.3958,21.0833,19.9896,20.2083,21.1771,19.8646,19.8333,20.1458,20.4583,20.3646,20.1771,0.0000,20.1771,20.8958,20.3021,0.0000,20.3646,20.3021,19.6771,19.8646,20.0833,20.2083,20.4583,20.2083,20.6458,19.9583,18.7708,19.8958,20.4583,20.1458,20.0521,19.6146,20.0208,19.4896,19.8646,19.8646,19.8021,22.2708,23.2083,0.0000,19.7708,19.5208,20.3958,19.0833,19.1771,18.9896,20.1458,20.1146,20.0833,18.8333,0.0000,19.5208,20.3646,19.5208,18.5208,228.0833,214.5911,213.9349,226.7708,209.4375,213.0000,215.6615,215.1458,214.5286,228.8333,200.4590,198.9792,142.7708,142.3333,141.8958,141.1458,140.0208,126.3125,124.6250,124.3125,123.4531,123.6094,122.3125,121.0312,120.4062,119.3125,120.2656,121.0391,123.7969,119.3633,117.4792,118.6562,119.7305,120.0649,120.0496,120.3359,121.1719,119.9917,119.9978,125.4688,126.5000,127.9688,139.0208,135.2318,136.3333
73.3542,74.4583,73.7083,73.2917,73.4792,73.6354,75.3542,77.1042,79.6042,81.9167,84.8750,87.7500,90.6875,94.1250,98.3958,101.0833,102.1458,102.0833,94.3750,94.3125,17.0833,28.4583,0.0000,25.3333,26.7083,19.7396,19.8958,22.2708,24.7708,26.8333,22.8333,0.0000,21.3958,18.8646,81.1042,24.5833,20.0208,25.5833,24.5833,81.1042,25.4583,26.7083,41.4167,31.0833,22.7083,25.6458,23.8333,23.5208,191.5833,30.9583,27.6458,23.6458,29.9583,0.0000,30.9583,27.5833,21.8333,23.6458,26.7708,24.8333,20.7396,21.8958,22.0833,20.6771,20.4583,21.3021,24.9583,28.9792,22.9583,20.8958,22.0208,22.9583,22.8958,19.5208,21.5208,26.0833,21.7708,22.3333,22.1458,22.2708,21.2708,0.0000,20.3958,20.0833,22.0208,21.3958,20.3646,20.2083,20.1146,19.9896,20.2708,21.3958,20.4583,20.4896,20.1146,20.2083,20.2083,0.0000,20.7083,20.3646,20.5833,20.3646,19.8646,20.1458,20.7083,20.1771,19.7708,20.2083,20.1146,19.9896,21.9583,20.8646,0.0000,19.6458,20.2708,20.3333,21.3021,20.0833,20.4583,19.8021,19.6458,19.9583,20.3333,19.1771,18.5833,19.6458,21.4583,20.0833,20.4271,22.0833,20.2083,19.0833,20.0208,20.0833,19.9271,0.0000,19.1458,0.0000,18.0208,19.0208,0.0000,18.7396,19.3646,19.4896,19.4896,19.1146,16.5677,217.1458,213.6790,215.0365,214.6615,218.1771,218.1146,215.4115,215.5833,216.0677,216.0365,220.2083,263.5208,200.9805,141.9583,141.2708,141.7083,140.7083,128.7500,123.6250,123.4375,123.1406,123.0781,157.1667,152.4167,121.1328,120.5781,120.3906,120.1670,119.2578,119.9253,119.4727,121.0469,142.3750,122.0156,120.8320,121.0703,120.4102,120.1143,121.0312,121.5547,121.2891,129.8125,133.1875,134.5625,136.2500
75.7917,75.8542,75.7917,75.2292,75.2917,75.1042,75.9167,77.6667,79.7917,81.9375,84.7188,87.8125,91.4375,94.7500,98.3646,102.4583,104.7083,105.0208,16.9427,19.7396,20.0208,22.5208,21.0208,19.2396,18.6771,25.7083,26.0208,28.2083,29.2083,27.7708,34.3229,18.6771,26.0833,21.8333,23.5833,201.1042,0.0000,21.7708,22.3333,44.0417,25.5208,28.9583,23.6458,21.2708,21.8958,21.8958,24.0833,31.3333,29.8333,40.4167,24.3333,23.1458,22.2708,0.0000,21.0833,20.6771,23.9583,28.2708,21.3333,22.3333,21.7083,22.4583,20.7396,19.8021,68.0208,20.3333,27.3958,21.0833,20.0521,22.0208,21.9583,21.5833,22.5208,22.1458,20.2083,22.0833,21.0833,20.8646,21.5208,22.4583,20.7708,22.7708,21.4583,21.1771,21.3021,22.2708,19.5521,23.0833,20.3646,0.0000,19.8333,19.6458,19.9583,21.3021,20.1146,20.4583,20.0833,20.6146,21.0521,20.3958,20.2708,20.4271,19.9896,20.9583,19.7083,20.7708,20.4583,19.5208,20.1771,20.5833,21.0521,20.3021,20.8646,0.0000,20.3021,20.0208,19.7708,20.0833,19.8333,20.3958,20.1771,20.1458,20.0833,19.8958,21.5833,19.9583,0.0000,0.0000,19.9271,19.9271,19.4271,18.2083,19.4583,19.3646,19.0208,18.9583,18.0208,0.0000,18.7083,19.0521,19.0521,20.0833,17.6146,21.5833,22.8333,23.5208,22.2083,234.2083,18.8333,210.5625,210.8750,214.1875,238.9167,229.5260,228.2708,228.7708,18.4271,18.5208,18.0833,142.2083,141.0521,140.9583,125.6875,123.7656,125.4375,124.6250,123.6562,122.4844,122.1042,121.9792,120.2520,119.6875,120.2578,120.0396,120.0554,119.5938,119.1602,119.2578,119.3359,121.3125,119.4609,119.5801,118.5417,118.7292,119.8750,120.2773,120.0583,120.8555,124.0312,133.4375,133.5625,135.1875
77.6667,77.6667,77.1667,77.1667,77.4167,77.0417,76.7292,78.0417,80.0417,82.3750,84.9375,88.0625,90.7500,94.5625,99.3333,103.4583,107.2708,108.2083,22.5833,23.7083,17.8646,0.0000,22.0833,24.0833,18.2396,28.5208,22.5833,21.7708,23.3958,20.4583,20.3021,0.0000,24.7708,20.1458,0.0000,25.8333,0.0000,26.4583,25.7708,26.2083,22.3333,36.6667,21.8333,0.0000,26.0833,121.4792,41.0417,26.4583,25.7708,22.9583,25.5208,19.5833,22.3958,227.7708,23.8958,24.5833,22.3333,0.0000,22.8333,21.7708,19.9896,0.0000,20.5833,21.5833,21.7083,22.6458,0.0000,0.0000,0.0000,21.1146,20.6146,23.7708,25.3333,27.3333,22.5208,22.5208,21.8333,22.2708,20.3333,21.2396,21.8958,20.3958,19.6771,20.3958,20.8646,20.5833,20.5833,20.3958,19.9583,22.0833,21.1771,20.2083,20.1771,20.5833,19.7708,20.5521,20.6771,20.6458,20.5521,20.2708,20.3333,20.3333,21.0208,20.1771,20.1771,19.7708,20.3333,20.5521,20.5833,20.7083,20.4583,20.4583,20.0833,20.1771,20.7083,20.3021,20.0521,19.4583,19.8958,19.9583,19.3646,20.1146,20.2083,20.2396,20.3021,19.5208,19.5521,19.0833,19.2396,19.5521,19.9271,19.9896,20.2083,20.0833,19.8646,19.5521,18.8333,22.4583,19.6458,19.2708,19.9896,19.3021,19.7083,0.0000,21.8333,19.3646,19.7396,20.1458,18.9271,19.0833,208.3125,242.3125,240.7109,206.0312,257.6250,252.4375,253.6875,230.7917,232.1667,143.0833,142.5833,143.3333,144.0833,127.4688,125.1875,123.9219,123.7031,122.4219,121.6094,149.9792,120.4062,119.7292,119.8950,120.3125,119.7246,132.1693,120.8594,119.5781,141.5000,140.7500,121.0547,119.7783,120.2158,119.6992,120.2793,120.3262,120.8555,121.8906,125.6875,135.2500,134.7500,135.3125
85.7500,80.1089,78.8203,79.2292,78.6667,78.6667,78.5417,78.6667,80.0464,82.4792,85.2500,88.3125,91.9375,95.6250,99.6458,103.2708,107.8958,110.4583,110.3333,108.2708,18.0208,40.4792,26.3958,17.8646,25.8333,22.5833,23.7708,23.0833,0.0000,19.2083,0.0000,32.5417,22.2708,24.2708,21.3333,23.7083,19.6146,25.3333,494.4375,22.1458,18.4896,36.4792,21.7708,19.3646,23.8333,22.9583,28.0208,23.2083,23.6458,587.7708,23.0208,22.5208,24.8958,507.7708,19.9896,0.0000,22.2708,19.6458,21.6458,21.4583,41.4792,25.3333,21.4583,20.5208,22.0208,21.5833,26.2083,21.9583,20.3021,20.0833,22.3958,22.4583,22.3958,21.0521,19.6146,19.9896,21.1771,21.0833,22.2083,20.8646,19.7708,21.5208,20.6771,20.5833,19.9271,21.4583,20.7708,20.9583,20.6458,21.3021,20.6146,20.3958,20.1771,19.7708,20.4896,20.7708,20.3646,20.8958,20.7708,21.1771,0.0000,20.0521,19.3958,19.0208,19.8333,20.0208,20.0521,20.0208,20.6771,20.4583,20.4896,20.7083,20.3021,19.8021,20.2708,0.0000,20.2083,20.0521,20.0208,20.5521,19.6771,19.8646,0.0000,0.0000,0.0000,18.8958,19.9896,19.9583,20.0208,19.9583,19.5833,19.5208,19.7396,19.6771,20.0208,0.0000,19.0833,19.5208,19.4896,19.6771,19.4271,19.1771,19.8021,21.3333,19.9271,19.1146,19.1146,237.6042,237.1042,236.8542,244.1667,230.1510,236.9792,232.9479,236.1667,234.5417,252.1875,252.1875,230.9479,229.7604,222.0833,137.0000,136.9115,123.5469,123.2656,123.0156,121.7109,121.1406,121.2500,122.6875,120.4961,119.8613,119.6042,119.7510,118.8750,119.4453,119.8428,119.8633,138.6250,139.2500,156.9167,120.0498,119.8691,118.7292,120.8438,120.8398,121.0312,136.2500,135.2500,131.1250,130.6875,131.9375
91.1875,80.1719,80.0601,80.2559,80.4316,80.4375,81.7292,81.3542,80.9792,82.3594,85.1562,88.8750,92.0000,95.9375,99.4583,103.7708,108.3958,112.6354,113.0729,113.2083,23.8333,23.5208,119.9792,24.0208,22.3333,31.8542,19.9583,19.6146,18.1146,19.4583,22.0833,24.7708,21.7708,25.0208,0.0000,24.3958,20.8021,27.4583,22.8333,25.8958,20.9583,22.7083,34.0417,20.9583,21.1146,24.3958,19.2396,21.1146,21.3958,26.9583,23.3333,21.5833,22.7708,23.1458,22.3333,133.6250,23.2708,21.1458,22.0208,0.0000,0.0000,20.7396,19.3646,23.0208,22.3333,21.9583,20.1146,20.5521,0.0000,23.1458,20.9583,232.3542,21.1771,22.0833,20.4583,22.5208,20.5208,19.9896,21.6458,23.3333,20.7708,21.3333,21.1771,20.8646,21.3021,21.2083,20.0833,0.0000,20.3958,20.8333,20.5521,20.4271,24.0833,22.3333,324.0417,324.0417,323.4167,323.1667,322.7917,322.6667,322.1042,322.0469,322.2292,322.2917,321.8542,321.7292,321.7917,321.6042,321.9792,321.8542,321.9792,322.3542,322.6667,322.6042,322.7917,323.1667,323.7917,324.4167,324.4167,325.4167,325.5000,326.1250,327.0000,327.8750,328.2500,329.0625,329.7500,330.6875,331.2500,332.1875,333.3125,334.2500,335.5000,336.3750,337.3958,338.6146,339.7708,341.2083,342.5833,344.0208,345.5833,346.9583,348.0833,349.7083,351.4583,353.2083,19.3333,239.6042,237.9792,237.4167,237.7917,237.0417,19.8333,237.4792,235.9167,234.6042,234.5104,233.7604,514.0729,515.6666,242.9167,242.0417,138.6250,124.0312,123.5469,123.1719,122.3906,124.9375,140.7083,141.9583,125.0938,137.8750,139.5208,120.5352,119.6016,120.2598,120.1021,126.1875,136.3750,140.1250,133.8079,157.4167,119.7617,119.3438,120.2061,121.0781,120.8906,121.5078,121.0078,122.1562,132.0000,132.1875
94.7500,94.0625,95.0000,83.2969,83.5000,83.6667,83.2917,82.9167,83.6667,83.1250,85.7812,88.7500,92.0625,95.1875,99.6458,103.9583,109.0208,113.4792,117.5417,115.2292,23.7083,25.8333,23.6458,22.2083,18.5833,0.0000,25.7708,24.5833,18.8021,22.8333,22.2708,21.5833,21.5833,22.8333,43.4167,0.0000,0.0000,21.1458,26.1458,0.0000,26.2708,23.5208,0.0000,20.6771,19.8958,21.5208,22.2083,22.5208,19.9583,21.3021,21.5833,22.1458,22.7083,23.4583,21.1771,23.7083,21.3333,22.1458,22.5833,23.1458,21.7083,67.7708,21.2396,20.9271,22.4583,0.0000,20.5833,201.1042,0.0000,21.7708,21.8958,22.5833,22.0833,21.3958,22.1458,22.7083,21.9583,22.9583,23.6458,21.8958,21.6458,331.2500,331.0000,329.7500,328.7500,328.0000,327.2500,326.3125,325.5417,325.1667,324.3438,324.0417,323.4167,323.0417,322.5417,322.3594,322.1667,321.9167,321.6667,321.1667,320.9167,321.0417,320.8542,320.8542,320.7070,320.6042,320.9167,321.2292,320.8542,320.7917,320.8542,318.9167,318.6667,316.7917,316.1042,316.8542,317.1667,317.4167,318.0417,318.2917,318.9792,319.6667,320.1667,321.0417,321.0547,321.4062,322.4219,323.0938,324.2812,325.3750,326.2812,327.5312,328.1875,329.1875,330.9375,331.1875,335.2500,335.7239,336.8489,343.3958,343.8333,346.0208,347.2708,348.7083,350.4583,352.0833,19.3333,240.9167,239.9167,242.1042,242.2292,18.1458,520.6666,19.8646,506.7083,512.3229,522.0416,514.4166,514.9166,232.8333,232.7604,141.3333,139.9583,137.5000,124.5312,123.7500,124.9688,148.5495,147.3854,155.4792,127.8438,128.5625,139.6458,136.6250,125.1250,120.2930,119.5586,122.4062,136.0000,139.1250,133.0000,126.0938,125.1562,123.9375,122.3125,120.8008,120.3809,119.6406,121.4297,134.4375,133.3750,134.0521
98.0000,97.5000,96.0000,95.5625,86.5625,86.5312,85.2917,85.4688,85.2917,85.7188,86.3125,88.8750,93.0625,96.3802,99.8021,105.0208,110.3333,114.5417,121.2917,121.9792,23.2708,26.7083,0.0000,16.9896,538.8750,21.4583,22.7083,545.3333,545.5208,23.0833,0.0000,0.0000,25.5208,27.1458,20.3646,19.4896,18.4896,23.8333,23.2083,27.3333,24.0833,23.4583,21.3333,25.0208,26.9583,0.0000,19.7708,20.5208,27.4583,25.0208,130.4375,130.0625,130.8750,132.4375,131.1875,132.3125,133.0833,24.0833,24.5208,23.5833,0.0000,21.4583,22.0208,19.7708,21.8958,21.3958,21.2708,20.4271,20.1146,21.0208,20.1771,19.3646,19.3958,21.1146,21.0521,21.8333,22.2708,22.2083,21.3021,21.6458,20.1771,329.3125,329.0000,328.5625,327.9062,327.0625,326.5417,325.1667,324.1667,318.1667,317.8542,317.3542,316.9792,316.9792,316.5417,317.0417,317.2917,317.4792,316.4167,317.2917,319.2292,320.0537,319.2917,318.9792,319.3542,319.7917,319.2292,319.4792,319.5417,320.1001,319.9167,320.6042,320.5417,320.4792,320.9792,321.5417,321.8542,321.9792,322.6042,322.7917,323.1667,324.0625,324.4167,325.2500,326.1250,326.5625,327.6875,328.4375,329.1250,330.3750,331.0000,331.7500,332.9375,333.6875,335.3125,336.3750,337.6250,338.8958,339.3333,338.8333,342.8958,344.5208,346.2708,347.6458,348.7083,348.8958,346.5833,518.0416,238.8542,514.9166,515.9166,514.6354,17.9271,19.5521,18.9583,506.5607,519.8541,509.5104,503.7708,505.1458,506.0833,140.3750,140.0000,139.0000,124.5625,126.2188,126.0000,124.7812,123.7344,126.9688,127.9375,127.9062,147.3958,138.8646,137.1146,135.6771,133.5384,134.8958,135.0365,134.9375,134.1250,140.1250,140.6250,122.6094,119.9575,119.8330,120.1172,121.2500,134.4375,134.6250,132.6250,132.5000
99.8750,100.2083,99.6250,95.7500,86.7188,85.9375,85.4167,85.9167,85.4167,85.1875,86.0938,89.3750,92.6250,96.6250,100.3021,104.0208,110.3333,116.6667,123.9167,125.7917,21.8333,20.9896,24.1458,539.9896,541.7708,542.7083,19.8021,546.7083,23.0833,654.0625,42.2969,20.8958,19.7083,21.5208,19.6771,19.5833,21.0208,26.0208,826.2708,28.6458,19.9583,27.0833,749.4583,751.8333,777.1250,773.1732,776.7552,780.2500,772.8750,126.8750,126.4062,125.7812,125.6875,125.3750,130.9375,130.1875,135.0000,134.9375,133.2500,134.5000,136.1927,141.8958,20.6458,22.8958,0.0000,23.1458,21.2083,21.0208,588.5208,589.3333,20.4583,20.9583,21.1771,21.8333,19.1146,21.7708,20.6146,23.0833,19.4896,20.2396,20.0833,0.0000,325.1667,326.1667,325.7917,325.5417,324.9167,324.5417,324.1667,323.1667,321.3542,321.8542,321.6042,320.9792,320.9792,320.5417,320.3542,319.7292,318.9792,317.8542,318.8542,319.0417,318.7917,318.9792,318.7917,318.9792,318.6667,318.7917,318.9792,319.1667,319.5417,319.1667,319.8542,320.1667,320.1667,320.4792,320.8542,321.6667,321.5703,322.2292,322.7917,323.4167,324.1562,324.5417,325.7917,326.0312,326.7812,327.2500,328.3125,329.5000,329.8750,331.0000,332.4375,333.3125,333.9375,335.3125,336.6250,337.3750,338.2396,336.2396,342.0833,343.5833,345.6458,346.7083,348.0208,348.7708,346.3333,515.7291,512.3333,506.1458,508.1458,507.3229,511.3854,17.0990,506.3958,506.0833,513.6979,19.1146,519.9791,502.3958,140.5521,140.2708,139.6458,139.8021,137.0000,126.5625,125.9062,147.5378,147.4088,145.4479,146.6208,136.0208,129.6250,129.3125,127.6875,127.1875,132.9525,133.6087,135.5521,138.3333,127.9375,128.8125,421.2708,120.5781,120.0952,119.9761,119.9170,138.5000,136.2500,139.0000,139.8333,140.0000
234.9792,236.3542,85.4688,85.6875,86.0417,85.2917,85.2917,84.9688,85.1667,84.9688,86.5000,89.7500,93.3125,97.2708,100.6146,104.7083,110.5417,116.6667,123.1667,128.1875,131.6875,132.0625,553.2083,551.8333,544.4583,26.4583,546.2708,542.7708,25.4583,20.0521,0.0000,522.6041,19.7708,22.0208,20.6458,0.0000,0.0000,788.6979,718.2916,547.7708,786.8333,546.8958,749.9479,21.1771,540.0833,755.2291,552.4583,350.2083,22.5833,24.0833,126.8438,126.5625,127.3125,126.2812,127.4688,132.1875,133.2500,134.7500,125.0625,125.5000,152.8333,147.0833,131.3125,131.3125,577.4583,577.5208,22.6458,21.2083,584.6458,591.0833,19.6771,21.7083,20.8646,21.9583,20.5521,22.0208,20.0208,20.9271,21.3021,0.0000,332.9375,334.8125,325.5312,326.0312,325.6562,325.1667,324.6667,323.8906,322.9688,322.6667,321.1667,321.1042,320.9167,320.4792,320.2917,320.2917,319.7917,319.5417,317.6667,317.1667,320.3542,320.1667,320.4167,320.4792,20.1458,320.3542,318.9792,318.9167,320.1667,19.8646,19.8958,20.5521,20.9583,21.3021,321.4792,320.7917,320.6042,19.8021,20.3646,20.3021,20.4583,19.5521,324.5417,323.9167,323.9167,20.0521,19.8958,19.9583,19.5208,19.8646,330.3125,330.3750,18.9896,20.1771,0.0000,340.7500,0.0000,340.8750,338.5000,335.0677,19.3646,20.0208,19.1146,18.5521,350.7083,349.7083,508.9167,505.3333,510.5573,512.5416,513.6354,514.9166,847.9166,19.8021,500.3333,500.1458,492.9114,494.2630,503.3333,493.2108,494.7943,139.6146,138.5521,139.7083,140.4271,141.5833,144.0833,122.8438,145.9323,147.4674,147.8776,145.7708,146.2083,160.8542,160.6042,128.8750,128.8125,130.6875,129.8750,130.0625,129.4375,140.6250,134.5000,135.6250,135.7500,124.6875,136.0000,135.3750,140.5000,140.2500,139.7500,141.1250
236.7292,0.0000,85.6667,85.5417,85.5417,85.4167,85.0625,84.9167,85.2917,84.3125,86.1562,89.3750,93.7500,97.0521,102.0833,105.8958,112.2292,116.9792,124.0417,126.4167,129.2917,19.6458,23.2708,548.6458,548.2708,537.5833,544.2708,542.4583,542.0208,523.4166,524.5416,524.6562,526.9688,22.5833,24.1458,747.9583,25.3333,20.3021,18.9583,22.2708,545.4583,548.0833,544.0833,544.8958,539.4271,535.0521,549.3333,19.5208,20.0208,123.7500,122.3750,122.1094,122.2969,123.0938,123.6094,124.0000,130.5000,128.0625,125.9688,127.1250,127.4062,129.4375,131.6250,153.3333,573.8125,573.8750,581.6458,22.4583,589.5833,589.3333,21.7708,22.2083,21.8958,21.8958,20.3646,21.7708,21.5208,21.2396,21.3333,0.0000,20.3646,331.7500,323.6250,326.7500,328.8750,20.7083,20.7083,20.9271,20.3646,19.2083,317.2917,320.1992,20.5833,332.3125,21.3333,331.6875,20.3646,21.0521,313.5417,317.2917,20.7708,20.1458,20.3646,320.1042,320.2292,318.6667,318.7292,317.6667,319.7917,20.8333,320.4792,320.5417,321.2292,321.2292,321.1042,320.3542,319.9792,321.8125,323.0417,323.4167,324.7917,324.6250,324.9167,324.2917,323.6667,19.2083,19.4896,329.3125,330.2500,330.5625,330.0000,329.1250,19.2708,335.1250,336.5000,337.1250,19.5833,339.2500,339.3750,336.2552,344.4583,345.7083,346.7083,347.8333,349.8333,349.5833,346.0833,517.4166,506.3542,509.3542,512.1666,511.4479,509.8229,505.8333,506.9583,506.3958,507.1549,511.8229,499.5521,500.0521,505.7708,140.2500,139.3750,128.1250,123.3594,123.0000,122.1250,126.3438,123.7969,142.0000,157.9792,158.9792,144.4583,142.0833,159.8542,136.8177,133.8333,131.8750,130.5000,130.3125,138.3750,139.2500,135.6250,135.8125,136.2500,139.2500,19.1771,390.8333,388.7083,383.5833,379.1146,380.6250
139.3750,230.9583,232.0104,85.4167,85.3750,85.2917,85.2917,85.2917,85.1667,84.5000,86.1562,90.1250,94.0000,97.5521,101.7083,106.4583,112.3854,117.9792,124.7917,127.2917,125.5417,541.7083,545.8333,19.9583,540.0000,539.8750,550.3333,553.4583,553.5833,548.7708,36.0417,525.8438,20.8958,522.4791,19.4896,21.6458,23.3958,550.4583,554.2604,543.2083,540.7708,541.4583,541.3958,546.2708,542.5833,543.2083,130.6875,130.0625,128.9375,121.3672,121.1094,123.8750,123.2500,121.6562,122.5469,122.2188,125.1562,125.0312,125.5312,126.1250,120.3262,120.2656,121.4609,155.7917,19.9896,153.5729,160.9167,584.1458,582.4583,582.2708,21.0208,19.5208,21.4583,19.7396,21.8958,20.8646,20.3958,21.9583,22.6458,19.6771,21.2708,21.3958,322.2969,327.3438,20.8021,20.1458,21.2083,0.0000,21.5833,20.5833,316.0417,316.8542,19.6771,20.4583,20.6458,20.2083,329.1250,20.3958,314.5104,317.7917,20.5208,20.0833,19.8021,21.2083,20.4271,20.1458,318.4792,317.5417,318.2917,19.8646,19.9583,20.3646,320.6042,20.5208,320.8542,319.2292,318.6042,20.3646,20.5833,20.0833,20.2396,20.0521,324.2917,323.7917,317.9792,19.8333,19.3333,19.1146,329.8750,329.0000,329.6875,326.1562,0.0000,19.1771,18.9896,336.1250,336.8333,338.7500,338.4583,336.8750,20.0208,345.3333,345.9583,347.7708,349.1458,349.5833,346.3333,506.3958,499.1458,499.9896,494.2864,505.1458,502.7083,499.1458,498.8958,495.1458,507.1458,506.2083,526.7916,508.4583,500.1771,137.2500,126.5625,126.5312,123.8125,122.7344,122.1562,121.4609,125.3750,128.8125,129.3125,142.2708,142.7083,151.3333,158.3542,142.7083,133.8763,133.0000,134.0625,133.3750,137.1250,136.9271,136.6250,137.2500,413.6875,17.9271,398.9792,395.3542,387.7708,383.2708,379.1458,379.1250
138.8021,140.1458,232.7917,226.0208,84.9167,85.6667,85.6667,85.5417,85.0938,84.0938,86.6875,90.6250,94.1250,98.3646,102.1458,107.5833,112.1979,117.3542,126.5417,127.9167,128.4167,547.2487,544.3333,23.4583,540.8333,541.0208,545.5833,20.7396,20.8333,20.8333,545.7708,528.2916,526.0625,548.4583,23.4583,22.2083,543.7708,547.7083,548.6458,548.7083,541.8958,542.0208,539.3333,537.5521,537.3021,546.7083,548.3958,131.0000,130.9375,121.2188,120.9023,123.9219,121.7266,121.5000,123.1719,123.7344,123.2188,158.7917,120.3320,120.4023,120.5430,154.3333,155.6042,156.4167,153.8854,152.9479,157.5417,159.1667,586.6458,21.3958,772.3125,22.5208,20.2708,19.8021,19.8958,20.5208,20.5833,19.9896,19.3646,19.3646,330.9375,330.3750,320.6367,325.5938,352.8333,353.2917,20.6771,19.8021,19.8646,361.2292,315.2917,19.8646,20.5208,21.4583,21.0208,20.6771,20.0833,19.7708,317.0417,314.2917,312.3229,311.1667,310.8854,310.2604,310.2760,310.4167,310.1823,310.3854,310.3542,310.3698,310.3385,310.8542,310.3854,310.6667,311.1354,312.1354,313.1667,312.8229,312.6979,313.3542,314.3542,314.5417,315.1667,315.9167,316.6042,317.2292,317.9167,318.8542,320.1104,320.3086,321.5469,322.5312,323.5625,323.9688,325.2812,326.3438,327.9062,328.7500,329.2500,331.4375,332.9375,334.0911,335.4114,336.6458,338.8333,340.1458,341.2708,350.8333,352.1979,354.5417,356.1042,358.4792,360.3542,362.1667,362.6042,506.5833,506.6210,18.1146,489.6250,497.5833,481.1094,490.1250,139.2500,127.1562,124.3125,122.1406,122.2500,122.1250,152.2917,125.0000,127.9062,127.3125,142.0833,159.0417,130.3750,138.1771,133.4808,133.1966,130.6875,130.3750,138.1250,138.1458,138.8750,101.3958,101.9583,405.5417,399.9167,393.6354,388.4088,383.3958,378.8333,378.5208
225.0833,219.1458,224.6458,85.0417,85.0417,84.9167,85.4167,85.2917,85.1667,83.8438,86.6250,90.3125,94.2500,98.4583,102.8333,107.3958,112.8229,117.7292,126.7188,127.7188,23.4583,556.8541,525.8125,532.3125,532.6185,18.5208,545.8333,533.8177,548.7708,548.7083,19.3333,19.1771,24.5208,559.4791,562.9844,561.4141,562.1041,549.0260,549.2083,537.7396,549.3333,25.6458,524.5000,534.4193,540.6458,534.6224,545.4583,539.9271,129.4375,129.7500,121.3516,122.3125,121.2656,121.9062,122.7656,123.7500,123.5938,122.9219,130.1250,146.8333,152.6979,151.7292,150.6979,150.5729,151.9479,152.2917,154.7917,158.2292,159.4792,567.3125,572.4375,581.7500,20.4271,20.9583,20.3021,19.7708,20.2083,19.5208,19.6146,20.0833,330.2500,322.3906,319.5417,317.6667,317.1667,316.3542,315.7292,315.0417,314.6667,314.0417,314.4167,313.3229,312.8229,311.9167,311.6979,311.9167,311.9792,310.6354,310.9792,310.5885,310.1042,310.0573,309.5417,309.4323,309.6042,309.4323,309.9167,309.6198,309.7604,309.9792,310.0885,310.4948,310.3542,310.8229,311.4167,311.9167,312.5417,312.8229,312.6354,313.4479,314.0417,314.6667,315.1667,315.9792,316.1042,316.6042,316.9167,318.1042,318.8542,320.4792,320.4023,321.2656,322.9688,323.8125,325.5312,326.0938,327.1562,328.0000,329.3125,330.9375,332.4375,333.3533,334.4896,336.7396,338.1458,339.5833,341.0208,352.0833,353.4167,354.8542,357.1667,358.6042,358.4792,363.1875,365.7500,368.3125,370.0625,372.0625,373.0000,481.7109,482.7031,146.3333,146.0833,145.0208,141.3958,135.3125,154.0729,153.7292,153.1042,155.0833,128.5000,129.5625,142.0833,143.3333,143.3958,142.8958,132.9857,133.0423,130.3125,129.8750,138.4271,139.2500,423.3958,101.7708,101.6458,405.5312,399.4167,393.2292,387.6237,383.6458,378.7396,377.9271
223.2708,223.0833,223.0208,84.6667,85.1667,85.5417,84.9167,84.7917,84.2917,84.3125,86.7188,90.1250,94.4375,98.1250,102.8958,107.5833,112.5417,119.0417,126.9688,127.9062,128.6875,545.9583,20.3021,537.8333,541.7708,38.4792,22.7708,549.1458,542.6458,548.0833,540.3646,514.1041,520.4166,550.6510,554.0104,558.2916,557.2916,554.0729,530.4375,528.2500,20.4896,547.5208,537.0052,479.4167,125.4167,125.4167,118.9792,117.7292,117.1667,130.3750,122.7188,121.4297,121.6719,120.5312,120.7734,120.9375,120.4863,117.9792,120.2334,117.7917,152.6979,151.9479,149.1354,149.7083,150.7604,152.3229,153.9167,155.1042,581.9583,582.2708,585.8333,20.3021,20.0833,20.4271,781.3333,781.0208,20.9583,20.2083,20.1146,19.5208,330.0625,330.0625,317.7292,317.5417,316.4167,315.6667,314.8542,314.2917,314.0417,313.8229,313.2292,313.5417,313.0104,312.3229,312.1354,312.5729,311.8542,310.4635,310.5104,310.4323,309.6510,309.1979,309.1042,308.7448,309.0573,309.2448,308.9167,309.2604,309.3385,309.4167,309.6198,310.3229,310.3542,310.7292,311.5417,311.7292,311.7292,313.1042,314.4167,20.3021,316.4792,317.7292,319.1667,318.8542,318.2917,321.2292,322.8281,324.0417,325.6667,325.3438,326.3125,324.8750,322.4688,329.8750,330.5000,331.2500,332.3125,333.3125,334.2500,336.5000,337.1250,337.5521,337.4583,339.0208,341.1458,340.8021,349.8333,350.8333,352.5833,354.4167,356.2292,358.1667,359.3542,362.6667,364.2917,367.0000,369.6250,371.6875,191.3333,191.3333,480.7969,491.6250,146.0208,145.3958,145.8958,143.3958,140.5208,149.0208,151.3333,151.8333,132.8939,132.6224,142.2083,143.2083,134.5365,132.1146,133.3653,134.0325,131.0000,130.1875,138.8021,138.8333,100.7083,99.9583,99.9583,99.4583,99.8021,100.3750,387.7708,383.5833,378.7708,376.3958
218.4583,218.2396,229.7083,84.7917,85.0417,85.2917,84.5417,84.4167,83.9844,84.7500,86.6250,90.5625,94.3750,98.8646,103.3958,107.7214,112.5729,119.4167,127.0938,128.8125,554.5729,19.3646,22.3333,19.1146,537.9896,542.5208,548.3333,534.2357,22.2708,477.8542,476.2917,512.1666,513.1979,565.5625,21.1146,20.2708,560.4355,516.8541,517.3541,520.5000,525.1875,521.2500,525.7812,125.5938,123.4531,121.0156,120.7292,118.7917,117.1042,116.6667,117.2292,119.9131,120.0342,120.7734,120.3164,120.4492,124.0625,123.3750,121.6484,121.0547,119.0417,118.7917,118.8542,154.3229,155.4167,159.3542,19.2083,20.5833,20.2083,566.7812,20.2396,19.4271,20.5833,20.3646,20.1771,20.2396,20.3021,20.4583,0.0000,19.8646,329.1250,327.8125,317.7292,317.2917,316.6042,315.8542,316.3542,317.0417,319.2917,318.9792,314.5104,317.2917,318.4167,317.7917,317.8542,317.6042,317.1042,316.9792,315.6667,315.5417,316.0417,315.9792,315.8542,315.8542,315.9792,315.8542,315.9167,315.2917,315.4167,315.8542,316.1667,316.4167,316.7917,316.9167,317.2917,316.4792,314.3854,318.1042,318.5417,318.9167,319.8542,320.2871,320.5417,320.6914,320.3542,322.4167,323.6667,324.5312,325.0938,326.0312,326.7500,326.7812,324.4062,330.3750,331.6250,332.1875,333.3750,334.3750,335.6250,335.6875,338.1250,339.8958,341.8958,343.4583,344.8333,345.8333,346.5833,350.2083,351.5833,353.6042,355.7292,357.4167,359.0417,361.0938,363.5417,366.4167,369.3750,371.1875,19.9896,19.7396,139.4271,138.8021,140.5208,140.5521,144.3333,141.5208,139.6458,139.1458,142.3958,153.1667,152.4583,142.7083,141.9583,157.9167,143.0833,142.8333,141.5208,133.8450,131.8125,131.3750,138.0833,138.0208,156.8542,98.9896,100.3021,99.3646,100.5208,99.9896,101.0000,384.7083,381.7708,18.4271
220.0000,218.8750,85.1667,85.2917,85.5417,84.7917,84.9167,84.5417,83.7969,84.0625,87.0000,90.4375,94.6250,98.3958,103.2708,107.6458,113.9479,119.8542,125.5312,129.3125,551.8333,538.1146,546.9583,528.1875,524.5000,530.1875,539.7500,541.3750,477.2292,478.0417,479.1042,519.9791,556.5416,20.5208,581.6250,570.3750,568.1250,581.7083,564.6666,21.3333,520.2695,20.3333,20.2708,123.1250,122.7344,122.9688,121.7344,120.1973,118.9167,119.1667,119.9395,121.3828,134.5000,122.9531,121.5000,133.7500,134.4375,126.3750,123.5781,121.3542,154.6042,155.2292,154.6042,154.5104,157.4167,159.1042,155.4792,154.4167,153.4479,153.7083,587.8333,21.7083,20.6771,19.9583,21.5833,19.8646,780.8750,20.6458,21.1458,20.0521,19.6146,19.7083,318.0417,322.5417,322.3542,321.9167,321.2292,320.7917,320.4167,319.4792,314.9792,317.6042,318.2917,317.7917,317.3542,316.8542,316.4167,316.3542,314.7292,314.8542,315.5417,315.9167,315.8542,315.6667,315.7292,315.7292,315.8542,314.7917,314.5417,316.1042,316.9167,317.1667,317.3542,20.3958,317.2292,314.1979,312.3542,19.7708,20.0208,19.7396,19.4271,19.8021,19.7083,319.1042,319.0417,19.7396,20.2083,19.0833,19.5521,19.3958,19.9271,325.9062,323.1406,20.0521,341.6458,343.0833,343.2083,343.2708,336.4896,334.5000,19.6146,19.8646,19.9896,18.9271,19.1458,345.2083,345.2083,20.3021,19.5208,353.6354,19.9271,299.8750,299.8750,298.6250,297.2500,296.6250,295.7500,294.8125,190.5833,293.8125,138.8021,137.8333,139.8333,141.4583,145.3333,144.8958,143.3958,149.8333,138.4271,153.6354,152.0104,157.7083,134.0755,142.7708,150.0833,147.1458,134.5677,134.2083,133.0999,132.2500,101.1146,101.2396,101.2708,100.2083,99.8958,100.2083,100.8958,100.3646,100.7396,18.7396,291.0625,19.1771
219.9583,220.0000,84.4167,85.2917,85.1667,84.6667,84.9167,84.7917,83.8594,84.5312,88.0000,91.0625,94.4375,98.5833,102.6458,107.8958,112.0104,120.2917,126.6875,129.2500,550.0416,20.8646,539.7708,531.1875,20.4583,550.3333,20.7708,481.9792,473.2917,481.7292,476.3542,21.2083,21.8333,538.9271,560.6041,19.7708,559.2291,537.5000,526.3125,527.0000,20.0833,537.6250,475.5417,131.6875,134.2500,133.1250,134.0000,130.9375,121.9453,120.0703,120.9727,125.0625,124.7188,122.2969,123.8750,140.2500,130.7500,127.2812,125.7500,155.1042,155.7292,155.7292,155.4792,156.2917,157.7917,19.8021,568.0000,567.0312,574.7083,571.3750,569.9375,567.2812,0.0000,21.7708,19.9271,20.8021,0.0000,0.0000,21.3958,19.6458,19.9896,20.1771,317.6667,321.5417,323.9167,20.2708,19.7083,20.0208,20.0521,21.3333,312.5729,313.1354,20.0833,20.3333,21.2708,20.4896,19.8333,19.6458,314.5417,313.8542,315.3542,20.4271,20.2083,19.7396,19.4583,20.1458,20.4896,313.2292,313.6667,19.8021,316.9792,317.0417,317.0417,317.0417,317.4792,315.9792,314.1354,318.4792,318.6667,319.2917,319.5417,320.1667,320.7292,320.1667,320.4414,322.9167,323.6667,324.5417,324.9167,325.9167,326.4167,325.6875,323.3594,19.8958,19.9271,344.0208,344.6458,344.0833,343.1458,334.2591,338.6146,340.3646,309.0833,307.8333,306.8958,305.9583,304.6458,303.3958,302.3333,301.5208,299.8646,299.3750,298.5000,297.4896,296.7500,296.0000,295.2500,294.7708,190.5833,293.5000,292.9375,292.2500,142.0208,141.8333,143.9583,143.1458,142.9583,150.8333,151.3333,151.4583,150.7083,288.9375,141.6458,140.5208,135.9271,157.9792,141.0521,134.7396,133.0443,133.6243,101.1458,100.7396,101.4583,100.5208,98.9271,99.8958,100.8021,101.3021,101.8333,290.0625,290.2500,290.7500
220.8021,218.1458,221.4583,85.2917,85.0417,84.7917,83.8594,84.0417,83.9167,84.6875,88.1875,91.7500,94.8750,98.7083,103.3333,108.0833,113.0104,119.9167,126.0938,129.0625,540.9271,539.7500,525.3750,526.7188,528.0625,541.8333,22.0208,474.7292,474.5833,459.6458,475.2292,470.0885,476.2917,20.0521,21.6458,20.6771,21.2396,19.4583,524.0416,525.7500,20.8958,21.2708,478.1667,131.8750,131.5625,131.3750,131.9375,132.7500,133.3750,133.2500,121.9531,124.0625,123.2969,123.4844,123.1875,126.8438,130.2500,125.5312,125.9375,156.3542,156.2292,155.3542,154.9792,157.4167,20.5833,151.5729,153.4479,156.3542,156.6667,20.0521,20.2083,569.7500,20.6146,21.7083,20.0521,20.2396,20.9271,20.5833,19.5521,19.9271,19.9583,20.7396,316.4792,322.4792,322.7917,322.6042,321.7292,19.5833,19.3021,319.9792,314.0417,313.6979,319.0417,18.8646,19.4583,20.1458,20.0521,316.7917,313.9479,314.0104,20.2083,20.0208,315.5417,20.7396,19.9271,19.1771,19.9896,312.7917,312.7083,315.1667,315.7292,315.7917,20.0833,20.2396,19.7396,314.0729,313.4792,20.2083,21.1771,318.9792,319.1667,20.5208,19.7396,318.6042,318.4167,317.2917,19.8646,21.5208,20.4583,19.9271,20.2083,324.6562,323.6562,322.7917,320.6667,319.6042,317.6667,316.1042,314.4479,312.8854,311.1354,309.8333,308.8958,307.7083,222.3333,304.8333,303.7708,302.9583,302.3958,211.7500,207.5312,299.1250,297.7500,297.3750,296.3750,295.8125,295.0000,294.3125,189.5833,293.1250,292.8125,292.0000,142.0833,141.8333,142.8333,142.5833,142.1458,141.5208,145.3958,143.8958,152.4583,288.2500,288.1250,139.4271,136.1146,135.5052,141.1458,136.1771,133.2500,134.5000,102.9583,102.3333,100.8958,99.9583,99.9271,99.5833,99.4271,101.9583,101.1146,100.9896,290.0625,290.2500
220.3333,222.1458,219.3646,85.1667,84.9167,84.6667,84.1667,84.0938,83.7917,84.6562,87.3750,91.2500,95.1875,98.7708,103.3333,108.1458,112.0104,120.4792,123.7656,129.0000,547.0833,534.3958,20.2083,518.5416,527.9375,19.8958,508.8385,468.0729,471.3542,475.1042,20.2396,20.4583,20.2708,20.8646,20.4271,20.0521,532.8750,531.8750,522.9844,21.3958,525.2500,20.7708,478.0417,470.2760,132.0000,132.1875,131.8750,132.1250,132.8750,20.2083,124.4688,123.6250,123.7656,125.6250,131.1250,133.3750,134.7500,128.2500,20.4271,156.3542,156.0417,155.4792,156.2292,148.5260,148.5729,151.3542,156.3542,155.5417,155.2917,562.3906,561.5000,0.0000,20.4583,20.2708,21.2396,210.0000,204.7188,204.2812,204.7188,205.8125,209.0000,20.2083,19.8958,19.7396,20.2083,20.3333,20.4271,20.7083,19.8021,19.4896,313.1667,315.0417,318.4792,316.8542,20.4271,20.0833,20.3958,20.3333,313.8854,312.9167,314.3854,19.4896,19.5833,315.6042,19.8021,19.4583,20.1771,311.3542,312.1979,308.9948,314.1354,315.9167,311.2917,307.3620,307.7708,310.1354,311.5833,308.2995,20.1458,308.7135,309.0885,309.6354,310.3385,311.9167,311.9792,312.6354,313.0729,314.1354,314.9167,315.8542,316.4167,317.6667,319.1667,321.9167,320.1667,318.6042,316.7292,315.6042,314.0104,311.9792,311.3333,309.9583,308.6458,307.3333,306.1458,305.1458,222.1458,302.3333,301.3333,300.9583,206.9167,298.7396,297.6146,297.0000,296.3177,295.4427,294.9375,294.7500,188.3333,292.8750,292.6875,291.6250,291.3750,290.7500,290.4375,227.0833,172.8750,172.9375,139.7708,139.4896,288.5625,288.1875,288.0625,287.9375,141.5833,136.7083,135.2500,134.6875,134.2500,134.5000,137.0000,99.3021,100.2708,96.8958,96.5208,97.3646,97.2865,97.3958,99.9896,102.9583,289.8750,290.1250
195.6667,242.7917,230.7292,84.6562,84.7917,84.6667,84.2917,84.0417,83.5312,84.7500,88.0625,91.6250,94.8125,98.8333,103.7083,108.3333,111.7604,120.6667,124.4688,129.0000,535.9427,536.0000,20.1146,20.1458,19.6458,482.6667,481.2917,474.1354,472.4792,472.3542,468.9323,463.3333,20.2708,19.9896,19.8646,19.6458,20.6458,19.9583,21.9583,21.1458,20.4583,20.2083,334.7500,334.7500,332.9375,20.3646,132.1250,132.5625,20.1771,20.2396,20.5833,129.1250,127.9375,123.9531,125.0938,130.6875,129.3125,127.2188,21.7083,229.2292,230.5885,161.2917,160.9792,232.6042,150.1667,163.5417,154.4792,19.8646,19.7396,20.4583,20.1146,20.6458,202.8750,202.6250,203.5312,203.8125,204.5625,205.1250,205.6562,206.6875,323.0417,321.9167,319.2917,316.0417,313.9479,312.3229,312.2604,311.4479,311.1354,310.7917,310.2292,309.2292,308.8073,308.3542,308.2682,307.7448,307.3346,307.1256,307.1061,306.8958,306.7213,306.5208,306.5833,305.9583,306.2708,306.9323,307.0573,306.3333,306.2083,307.1458,306.5833,307.1237,306.9583,307.0280,307.2682,307.5833,307.6471,308.1458,307.8958,308.2708,308.8333,309.4583,309.8333,19.9583,311.5417,312.5833,312.6979,313.8229,314.3229,315.0417,316.2917,316.9792,235.2917,321.1042,319.8542,319.2292,316.2917,315.4167,313.8229,312.3542,311.0833,221.3021,221.4583,306.5208,305.1458,303.8958,303.0833,302.3958,222.9583,300.5208,205.9167,298.6250,297.0000,296.8750,295.9896,295.3125,294.6250,294.2500,187.7708,292.3125,292.0625,291.5000,291.0000,290.8750,142.2083,291.1250,144.6458,144.2083,140.3333,291.3750,139.8646,140.0000,291.0000,290.8125,141.0833,140.3646,141.2708,136.3646,134.0052,134.5000,99.7396,99.3021,100.2083,99.8958,98.4271,98.4583,100.8958,101.3021,102.5833,103.3958,105.9583,304.5208
193.0104,193.0833,235.3542,84.5417,84.2917,84.5417,84.1667,84.0417,83.4688,84.9375,88.2500,91.8125,95.0625,98.9583,103.8958,108.5104,112.7292,121.4167,125.5000,128.8125,538.3021,534.2982,531.3125,529.5000,529.6875,20.1458,20.2396,475.9792,485.7917,465.6458,465.3333,464.9583,458.9896,20.0521,19.6771,20.0208,19.7083,19.9271,19.6458,19.3958,20.4896,19.6771,480.2292,177.7500,332.9375,332.3125,330.5000,525.0416,132.5625,127.1875,123.9688,123.9062,124.4375,124.5312,126.2188,130.3750,127.7188,127.5000,354.1354,352.5833,231.5417,227.8542,227.5846,228.1354,155.6042,155.9792,339.0208,337.8750,336.3750,335.1875,333.8750,333.6250,206.5312,206.1562,210.2500,207.1875,204.3125,204.2812,205.1562,203.6250,322.1667,321.4792,318.1042,314.3542,313.4167,312.3854,311.9479,311.4479,311.0417,310.8542,310.5104,309.2448,308.9635,307.9792,307.9010,307.5651,306.9987,306.8874,306.4583,306.4583,306.3333,306.2083,305.7083,305.7708,307.2083,307.6458,307.4583,308.4713,309.0208,308.9167,311.3333,312.3333,306.5705,307.0885,308.0260,307.9401,308.0651,308.4479,308.8542,309.6510,309.8229,310.0729,310.7917,311.7292,312.0729,244.1667,313.7604,314.5417,315.3542,316.3542,317.1042,317.7292,318.9167,232.5833,319.6042,318.7917,243.9167,315.6667,312.8333,311.3542,310.2135,220.6771,221.2708,306.7083,305.2083,304.2083,303.5208,302.3333,301.3021,206.5938,206.0417,298.9896,298.0833,297.5000,296.3750,19.7708,0.0000,188.3698,187.7083,189.8333,19.4583,19.9271,19.2396,19.4271,19.3333,19.0521,173.6380,145.8958,144.7708,291.4375,291.1875,290.9375,140.9271,141.0521,141.1458,298.3958,140.6771,138.1771,134.6146,134.9375,102.7708,100.3021,97.3958,96.6927,98.1458,96.9896,100.7083,103.7083,102.5833,103.5833,103.4583,104.2083
190.0573,191.5417,192.2604,84.5417,84.6667,84.2917,84.0625,84.2917,83.5417,84.8750,88.4375,91.8125,95.6250,99.2396,103.4583,108.2083,112.8542,122.1042,126.0625,129.0625,21.1458,20.1146,19.9583,524.7188,525.4688,479.6667,20.2708,19.9271,20.1146,19.2708,470.7083,20.1771,0.0000,19.0833,19.5208,304.2083,307.5833,306.9583,307.7083,473.0833,19.4271,20.8333,176.5000,176.1250,175.5000,176.3750,177.3750,380.0000,377.7708,131.9375,128.4375,126.7500,127.5000,126.0000,126.4375,130.5625,357.7917,355.4792,353.6042,352.2083,349.5573,348.0963,158.0417,156.2292,155.4167,340.5521,338.6250,337.0000,336.2396,334.7500,333.5625,210.5000,211.8125,329.5000,213.4375,214.3125,200.5938,200.7539,201.5625,202.9531,205.1875,320.9792,316.8542,314.1354,313.0417,312.9167,312.1979,311.4167,310.8229,311.1042,309.8385,310.1354,310.3229,312.7292,314.1979,314.1667,313.7604,313.2292,312.7604,311.5833,312.9583,313.4583,312.7083,313.2083,313.3333,313.4583,313.2083,312.7604,312.6667,312.9167,313.4583,313.7917,313.9167,314.2083,314.6042,313.8542,313.3229,315.6667,315.9167,316.4792,316.8542,317.4792,317.6667,317.8542,317.4792,243.4167,320.7917,321.2917,322.0417,322.7917,323.6667,247.2917,323.1667,232.2917,319.5417,318.1667,242.7917,315.9167,314.3854,313.5104,220.6146,220.1146,220.3021,20.3646,20.3646,20.5208,20.3646,19.6146,206.2812,205.9062,205.1667,205.5938,19.6771,297.2500,296.1250,18.9271,19.3958,188.5208,187.2057,188.5833,294.6875,19.4583,293.4375,293.0000,292.6250,227.0208,173.3750,172.7500,143.5833,297.4583,299.8021,302.5833,305.0833,306.2708,302.5833,299.3958,140.4583,140.3021,135.6250,134.6250,135.8125,102.7708,103.5208,97.0677,97.3333,99.3958,101.9583,104.2708,102.7708,103.7083,105.4583,19.2083
224.2083,197.0417,225.5833,84.4167,84.2917,84.2917,84.1667,83.6875,83.4167,84.9062,88.3750,92.0625,95.0625,99.2396,103.5833,108.8854,113.2292,121.9167,126.7812,128.9375,20.6458,386.4583,384.9583,384.3333,471.8333,467.3958,468.6458,21.6458,19.6771,20.3958,18.7708,18.8958,435.2292,430.5260,426.7083,309.3333,303.3958,304.3333,20.1771,405.1667,402.6667,175.4375,174.6250,173.6536,173.6875,173.8125,174.3750,175.0625,376.8750,374.2500,371.8125,129.6875,127.7500,127.2500,128.3125,127.6875,127.4688,355.9167,231.4583,351.4583,156.8542,157.0417,157.6667,158.9167,159.6667,339.8958,338.6771,337.6146,335.8750,334.3750,333.6250,332.3125,207.4688,205.1562,203.5781,202.8750,202.9062,203.9375,205.2188,206.1250,204.3750,204.3438,320.0417,320.2292,320.5417,320.0417,319.2917,318.6042,318.2917,317.4792,315.6042,315.2292,315.6667,315.3542,314.9167,314.5104,314.1354,313.9167,312.7604,312.1667,312.5417,312.8333,313.4583,313.4583,313.0104,312.9792,313.2083,312.7083,271.8333,20.4271,19.2396,20.3021,314.1667,19.3333,19.3958,313.5417,313.6667,317.7292,318.0417,320.1084,319.6042,320.4167,320.6042,319.3542,318.0417,322.6042,323.5625,324.2917,324.9167,325.4375,326.3125,247.7917,323.9167,232.2083,256.7500,244.6875,243.6719,308.5573,307.6458,305.8958,305.5833,219.8750,219.3750,310.9583,0.0000,19.7083,306.1458,20.1146,20.4271,205.6562,204.7188,205.3125,300.6458,169.7500,169.0000,19.4271,19.4583,189.6823,188.3958,190.2083,294.4375,293.3125,293.9375,19.0208,19.3021,225.1458,224.8958,173.2500,294.7083,296.8750,299.8646,302.2083,305.0833,306.0833,303.2083,299.8021,296.7500,140.5833,134.4818,135.0625,99.2708,287.1250,100.3958,100.3021,100.0521,98.6458,98.7083,103.2708,103.5833,103.1458,104.2083,18.9583
196.7917,199.9167,83.9167,84.6667,84.1667,83.9167,83.7917,84.0417,83.4167,84.8125,88.4375,92.0000,95.2500,99.4271,103.8333,109.9583,112.2292,121.5417,124.5312,128.2917,20.1146,20.2083,0.0000,19.3646,19.8333,492.3125,464.1458,460.2396,455.1875,451.0000,443.1667,438.5417,433.4792,430.1354,427.8333,303.0833,305.8333,299.5208,303.7708,404.6667,402.6042,174.8125,172.8750,172.1250,172.3125,172.6250,173.3125,174.9375,376.1250,374.0000,372.1250,127.7500,128.1875,128.0000,127.8750,128.3125,357.4167,356.9792,230.3333,228.6458,156.7292,156.9792,156.6667,157.3542,340.9896,340.5521,338.1250,337.1250,335.6250,334.5000,333.3750,332.0625,201.4453,200.4980,203.7344,212.5625,209.0625,210.2500,213.1250,213.3125,202.1562,202.5156,319.9167,319.7917,321.0417,20.3646,20.1146,20.4583,0.0000,20.2083,314.9792,314.7917,20.1458,19.9896,20.2083,20.1771,19.7083,19.1771,19.7083,311.2083,312.1354,313.7083,20.0833,20.4896,313.8229,19.3646,313.3333,313.4583,271.6354,19.8333,19.2396,19.7396,314.0417,20.3333,20.0521,313.3229,312.5417,329.0000,20.2083,330.6875,20.0833,19.1771,331.6875,320.9844,317.1667,242.7917,19.0208,336.8802,0.0000,19.6146,20.1146,247.7917,231.3854,231.4167,255.6875,243.7656,242.9167,243.5417,19.4896,20.3021,219.9896,219.2500,219.0000,219.8333,20.3646,19.5521,21.5833,20.2708,206.8125,206.4167,205.7917,166.2812,163.2344,163.2917,163.5417,163.1667,163.8125,163.5312,189.2083,294.8125,20.0521,293.7500,293.6250,18.8021,18.8646,225.3958,224.7708,225.5833,294.6068,296.5208,299.5521,301.8958,304.4583,306.0208,302.5208,298.7708,296.6146,140.4896,137.6771,135.3125,135.2500,98.7083,98.6771,99.3021,100.3333,101.1771,102.0833,103.7708,103.3333,103.2708,97.3958,99.3646
194.4792,273.4167,84.1667,84.1667,83.7656,84.4167,84.0417,83.2344,83.1094,85.0625,88.4375,91.7500,95.2500,99.6146,103.8333,108.5208,114.4167,121.6042,124.6875,126.2188,20.3021,20.3646,387.0208,20.7396,388.6458,20.2083,19.9896,459.6250,314.6042,448.8125,444.4688,439.4792,435.7292,20.4583,426.2708,20.1146,304.3958,305.2083,409.5625,19.9583,401.5417,174.6250,172.5625,171.9375,172.1250,172.5625,175.3125,177.1250,161.4141,374.6875,373.1875,371.0000,309.0833,129.0625,128.4375,128.6875,202.8125,202.3542,202.9844,204.0417,157.8542,156.9792,157.7917,159.1667,19.4271,229.3333,19.2083,336.7500,336.6250,19.1146,204.6875,203.1875,200.1855,200.2852,200.0967,200.1514,200.8320,202.1875,202.2344,202.5156,205.9688,320.4277,319.4792,319.4792,319.8542,319.8542,319.7917,318.7917,317.9792,317.4792,315.6042,314.5729,315.9792,315.6667,314.0104,19.3646,314.0417,19.5521,20.0833,311.2083,311.7083,312.2917,313.1354,313.0833,313.0833,19.5521,19.2708,271.9583,271.8333,19.9896,19.6771,19.3646,18.9583,19.8646,20.1146,312.8229,312.2604,20.2396,329.5000,20.3958,19.8021,330.6875,331.1875,0.0000,242.7917,242.3542,243.4167,334.8125,335.4271,336.5521,248.4167,247.7917,231.4479,230.9167,255.6250,243.1406,243.4062,316.5417,20.3646,20.5833,19.7708,221.2396,219.9271,221.0833,20.3021,307.0208,20.2396,19.5833,20.1458,206.1875,206.3750,19.3333,20.0833,19.6771,295.7500,19.4896,19.4271,19.8646,20.4583,19.7708,275.5417,19.8333,293.3125,19.3333,18.6771,19.3646,224.8333,225.2708,294.3750,296.1250,299.0521,301.4583,303.8958,116.2917,114.6667,113.9479,296.0989,140.8750,139.5000,126.8125,121.4609,120.8828,120.4082,98.8333,97.2240,102.1458,98.8646,95.5208,94.3216,93.6029,93.9544,95.0625
232.3333,84.4167,84.0417,84.5417,84.4167,84.0417,83.7917,84.1667,83.5417,84.9062,88.3750,91.7500,95.3125,99.7083,103.9583,108.7708,113.4479,121.9792,124.7188,19.2708,389.5833,20.0521,20.1771,19.8958,0.0000,19.0833,19.2083,460.3750,314.4792,20.1458,20.3333,342.7708,293.5443,354.7292,20.4583,307.8333,306.5833,307.7708,352.5104,179.7083,173.7552,172.6875,173.6224,172.0625,173.6790,177.8333,174.0677,175.0000,161.0000,374.9375,374.6250,202.6667,202.3542,202.2292,128.3125,128.5000,201.2109,199.6667,201.2031,202.4375,157.7917,157.5417,204.4688,224.8958,225.5833,225.9583,19.1458,336.5000,336.2500,19.3333,208.9375,210.2917,196.2917,203.5938,204.7812,210.1250,210.3125,212.5625,214.3750,212.8125,201.5234,201.0703,201.5000,203.2656,320.1042,20.1771,19.9896,0.0000,20.0833,19.5833,314.3542,314.3542,314.8542,19.8333,20.0833,19.5833,20.1146,20.0521,19.7396,311.2083,311.2917,313.0833,313.5833,313.0833,313.0833,19.8021,313.0833,271.8333,272.0833,19.8646,20.3021,20.2708,19.9271,20.1458,19.9896,312.5417,312.2292,328.8750,477.7292,20.2708,217.9583,217.3750,217.2500,217.1250,217.3646,243.0417,20.1458,20.2708,20.0521,205.5000,205.9167,204.9167,203.2917,203.9167,204.9167,205.7812,242.9167,19.5833,331.6250,19.5833,20.2708,0.0000,307.7708,308.9583,20.3021,20.4271,20.3333,19.8646,19.4896,302.5833,302.2083,301.1458,0.0000,169.7500,169.7500,20.2083,19.2396,296.5000,296.2500,275.6667,275.1667,293.6250,293.1875,292.5000,291.8750,291.5625,224.5208,225.0208,294.0000,296.0052,298.5521,301.7083,304.1458,117.3542,114.7917,114.0417,113.9167,117.7917,99.0521,96.4115,95.1380,94.1927,93.7767,93.1097,94.5000,94.2865,93.7435,93.2552,94.3125,94.3125,94.4375,94.5625
232.4583,83.9375,83.9167,84.1667,84.4167,83.7917,84.1667,84.1667,82.7656,84.9375,88.6875,91.8125,95.3646,99.5208,103.7708,109.5833,113.9167,121.5417,124.1667,19.5833,19.9271,388.1458,388.5833,384.8333,566.7500,565.5416,19.8021,466.3958,314.3333,334.5833,443.7917,19.9271,293.4559,19.1146,425.2708,302.7083,306.2083,307.3333,176.2500,175.3750,173.5000,171.8125,170.1250,169.8750,170.3750,171.1875,174.5365,175.3125,162.4531,375.2500,364.4062,200.1667,198.6667,198.4792,198.1042,197.2917,197.4167,196.1667,202.6042,205.6250,157.6042,212.0625,203.6094,204.1250,227.5833,19.9896,20.3646,337.1614,336.1302,18.9583,205.7917,207.0417,204.4167,204.3125,204.7812,200.2139,200.1543,203.3750,200.4570,200.7617,201.5000,207.0000,319.3542,319.9097,319.7917,20.2708,0.0000,19.6771,19.4583,19.5208,314.9167,314.5729,315.0417,315.5417,0.0000,18.9896,314.7292,20.1146,20.3958,310.9583,311.3333,238.9167,237.9792,238.0417,238.2292,19.3333,313.2083,272.0833,271.3333,228.2838,228.4948,228.8229,232.1979,233.6354,232.5104,312.3854,311.9479,325.2917,328.5625,19.8646,20.4896,19.8333,230.0833,229.8333,229.5833,20.5521,19.4271,19.7083,335.1875,334.6875,334.3750,246.9167,322.9531,325.0938,19.9583,19.6458,242.9167,317.0417,316.6042,0.0000,312.6354,310.9583,307.6628,308.1745,307.1458,306.1458,304.5833,303.5208,302.7708,301.0208,300.3958,299.5833,298.6146,169.8125,169.5625,296.0000,295.1875,295.0000,294.0000,293.5000,276.1042,292.6250,217.3958,215.3125,209.3125,201.1016,224.7708,139.2708,138.8750,134.1250,130.8750,124.9062,121.3828,117.4792,111.5729,111.5729,108.2708,103.8333,99.7708,95.2161,93.4710,93.9375,94.1250,93.4295,93.8750,94.3125,94.1875,94.3125,94.2500,94.0625,94.0625,93.8685
226.6775,233.0417,84.2917,83.5625,83.9167,84.1667,84.0417,84.1667,83.0417,85.1875,88.7500,91.9375,95.3750,99.7396,104.1458,108.7083,114.1667,121.7917,123.8750,268.3958,19.4896,19.5208,20.2083,19.8646,20.2708,528.6875,20.3646,323.9167,314.2604,327.6562,339.1250,19.8646,292.5000,262.1458,228.8333,228.7083,306.5833,176.2500,175.5625,171.5625,170.2500,170.6250,169.3750,169.0625,169.9375,170.8125,171.1875,171.3125,172.2500,176.0000,249.4375,202.5417,205.4062,205.5417,205.1667,197.1042,196.1667,195.7292,196.5417,197.0417,156.9167,198.1042,199.7292,204.1667,20.1146,19.3958,337.6250,337.1250,336.3958,19.3646,210.5625,189.7135,200.8542,200.5508,200.4004,200.0251,199.8979,199.9463,199.8643,200.9492,201.0078,200.3555,200.5417,318.9792,317.9792,318.9792,19.7708,19.4271,318.1042,316.6667,315.0417,313.7292,314.3542,315.1042,314.5104,314.4167,314.0104,313.2083,312.0833,310.5833,311.2604,312.2083,312.5833,312.8333,312.8333,312.2083,311.9583,311.8333,271.4583,311.9792,312.7083,312.8333,312.9583,313.3333,312.7917,312.7604,312.1667,328.5625,20.0521,422.3958,422.6458,19.6458,20.1458,317.6667,316.6042,316.6042,19.7083,20.1146,20.1458,333.8125,332.5625,246.7812,322.6719,321.6562,319.9167,319.5417,242.9167,316.4792,318.4792,19.8021,311.6667,310.4583,307.9088,307.8958,305.8333,304.5208,304.2708,303.3333,302.9583,223.2083,225.3333,221.3958,219.8333,169.8750,169.5000,215.7552,214.3490,214.1875,212.1875,208.2500,207.2500,203.0938,201.9844,200.6680,144.3958,142.3958,139.6146,137.2500,132.5625,130.0000,127.2500,124.9062,120.0417,113.1979,111.3229,111.6667,108.8958,104.8333,99.8646,94.6927,93.8125,94.0625,93.6250,94.1250,94.1250,93.8750,94.2500,94.0000,94.0000,94.2500,94.4375,94.1250
227.2708,225.5208,83.7917,84.1667,84.6667,84.4167,83.6667,84.2917,83.6667,85.3438,89.2500,92.4375,95.8125,99.8021,103.4583,108.5833,113.0729,121.9167,123.6875,268.2083,530.2500,528.2500,20.2083,295.5625,523.5416,522.7916,464.5833,324.2917,324.1667,325.2917,444.0417,466.0833,292.1875,19.0521,264.1458,300.3333,304.4583,177.1250,175.8125,171.6875,169.8125,167.7812,167.2500,167.0000,167.5312,168.4375,169.5000,170.8125,160.2598,175.3125,176.2500,208.5000,205.4375,128.6250,127.7812,127.5625,197.6667,206.5625,204.1250,197.6042,157.4792,157.4792,195.2917,195.0417,19.8646,328.9375,334.0000,335.8125,330.7500,19.4583,206.4062,202.9167,209.1667,208.1875,207.9062,208.5625,208.8750,208.8750,200.3281,201.2344,210.8125,212.8750,318.7917,318.4792,318.7292,318.7917,317.7292,317.2292,316.7292,315.7917,314.9167,314.0104,314.3542,314.3229,313.8333,313.5833,313.2083,312.5417,311.7083,310.7083,267.1432,266.3333,267.0182,266.8333,266.0833,265.1458,269.2083,269.2708,264.6458,263.7083,263.7708,263.6458,263.4583,256.9583,255.6875,262.0000,254.1250,248.1875,255.6875,422.5833,422.7083,19.3646,329.9375,318.4792,316.8542,316.6042,20.3646,19.1771,368.2500,335.0625,333.6250,247.0417,322.6667,321.8542,320.2227,243.6875,243.1667,316.2917,313.2604,312.4792,311.7604,310.3385,308.1458,307.7708,306.9583,305.2083,304.7708,303.8333,218.5208,218.7396,164.5938,165.3750,210.3125,169.5625,162.8594,162.3594,202.5417,175.3125,174.5990,196.1042,194.3542,192.7604,190.8333,189.7083,144.9583,142.4583,139.8958,136.9896,133.4375,130.1875,127.0312,125.2917,114.4167,111.3542,110.3333,111.2083,108.5833,105.2708,100.7708,96.0521,93.5238,93.4847,93.2259,93.9375,93.4344,93.5950,94.0000,94.0000,94.1250,94.3125,94.2500,93.9375
232.9583,206.4167,84.0417,84.0417,84.4167,84.0417,83.9167,82.9531,83.0938,85.3125,89.3125,92.2500,96.1250,99.8333,104.3958,110.2292,116.2292,121.8542,267.1458,531.7500,529.7500,488.6875,295.5000,294.7500,522.9166,522.0416,465.7083,326.3125,326.9375,327.2812,443.9219,20.3333,292.3125,19.6146,263.7708,228.4479,247.5625,246.3438,172.0625,169.9375,170.1875,170.1875,169.1250,168.6875,169.4375,169.1875,171.0000,171.7500,161.0000,176.2500,306.0208,304.5833,181.0000,128.8125,127.7812,128.0000,202.9062,204.1562,207.1562,214.7500,157.1667,157.3542,194.3229,193.8229,193.9583,330.2500,330.6250,332.8750,335.3125,334.5000,18.9583,183.7083,183.6458,217.6146,329.0625,326.8438,208.3125,206.5938,205.0938,299.2500,285.4375,285.5312,319.6042,318.5417,318.6042,318.1042,317.7292,317.2292,316.7917,303.1458,303.0208,299.8021,299.1458,298.6771,298.7396,303.2708,312.5833,312.8333,312.4583,257.9896,258.0208,259.1771,260.2083,258.1771,260.3958,259.6458,258.4583,257.4896,254.2240,254.0625,250.8125,250.0000,234.1354,250.2500,250.0000,246.0938,244.9375,246.0000,248.1875,19.2708,19.8333,256.7500,255.6875,254.3750,214.7396,216.6302,249.6667,245.7917,245.2917,244.0625,243.0417,201.0391,200.6797,210.5625,210.5000,236.4792,234.9792,233.2083,231.9583,230.9583,228.2708,227.3958,225.8333,224.2083,223.4583,221.7708,191.3542,218.0000,217.1250,215.3750,66.3333,66.5833,176.3750,137.3750,161.3125,162.0312,162.4844,193.8542,165.5417,187.6628,185.5833,183.0833,181.3958,179.7083,145.1458,142.7083,139.7708,136.1250,133.0625,129.8750,126.9688,124.4167,111.9479,110.6979,110.0833,111.0833,108.5208,105.3333,102.2083,95.5521,93.4559,93.4105,94.1250,93.4329,94.1250,93.9375,93.2391,94.0000,94.0000,94.3750,94.2500,94.4375
232.8333,205.6562,84.0417,84.1667,84.2917,84.1562,83.3750,83.5417,83.3594,85.0938,89.0625,92.9375,96.6302,100.0833,104.5208,110.3333,116.1667,122.5417,124.1667,294.3750,296.1250,297.6250,382.9583,295.4427,303.3333,304.7083,306.3333,308.3333,310.6042,19.8333,315.0417,316.7292,318.5417,311.4792,236.2917,236.1667,245.0417,245.4167,171.3750,170.1875,170.2500,172.2500,174.2044,175.1927,175.5677,173.9622,176.6458,176.5990,132.0000,129.0625,128.9375,131.0625,131.1250,129.5000,122.5417,127.2917,126.5417,192.1667,143.5833,143.8958,143.5833,144.5208,151.4583,152.2917,150.2083,151.7917,150.7917,149.5417,149.5729,149.5260,149.3073,150.5885,175.3958,209.0000,215.6875,218.7500,208.2500,209.1875,216.1250,209.0000,209.0000,19.1771,19.1458,20.5208,19.9583,19.3958,0.0000,267.1458,266.5208,266.2708,265.7708,19.5208,264.5833,21.9583,264.2083,0.0000,263.7708,263.6458,257.8333,256.0521,255.9583,232.5104,232.6667,249.6875,253.5625,254.0625,250.5000,252.0625,251.5625,229.4479,229.0885,232.0417,232.4167,241.7292,247.0938,245.3125,244.8125,245.4062,249.6875,215.1458,215.5208,229.3333,20.0833,243.2917,230.9167,241.1667,240.4167,238.9167,237.8542,236.9792,205.0000,202.5625,204.1562,205.1562,211.2500,228.7708,226.8333,225.6458,224.0208,222.5208,220.9271,220.0000,218.0000,216.6250,214.8880,213.4375,211.3750,209.5000,207.7812,206.5312,66.4583,66.5208,165.5417,137.2500,161.7917,162.4792,193.2917,191.2083,189.0208,186.8333,184.7708,182.6458,180.7083,179.6458,144.3958,142.2708,139.5000,136.1250,133.1250,130.0625,127.2500,118.4792,109.6354,109.4479,110.2083,110.9583,108.4583,104.6458,101.3021,95.6927,93.5609,93.4417,93.8750,93.4041,94.1250,93.6875,94.3125,94.2500,94.2500,94.3125,94.0000,94.3125
204.9688,204.6667,83.9167,84.0417,84.4167,84.0417,83.5469,82.7188,82.9062,85.2188,89.1875,92.1875,96.1250,100.1771,104.0208,109.5833,116.5417,122.5417,124.6562,283.4167,284.7500,286.1875,287.4062,294.9375,303.0208,296.9114,295.0000,296.4114,298.5000,299.7396,301.8958,223.2708,223.7708,260.4583,256.2552,231.2604,247.2917,155.4792,171.3125,170.0000,151.2917,176.6146,183.3333,175.9740,176.0000,173.9935,141.5208,133.1156,129.8125,128.8750,129.0625,130.1875,131.0000,129.8750,127.4167,127.9167,147.2708,142.6458,141.5833,142.5208,143.0208,142.3333,142.1458,142.5208,142.3333,143.3333,143.3958,143.2708,143.8333,145.5208,147.6510,149.1510,168.6667,207.7812,219.1250,218.3750,208.0000,206.9062,215.5000,205.1875,208.7500,200.9648,200.2812,203.0938,210.9375,19.7083,260.9271,19.1458,260.2083,259.5521,259.1771,258.6458,258.3021,257.7396,257.5833,19.6146,256.8333,256.2500,256.6250,240.1416,239.9167,238.7917,239.1667,242.5156,237.6042,241.5469,252.6250,19.8021,19.1771,233.6667,236.4792,233.0729,233.2917,245.4167,245.7917,19.8958,243.9167,245.2917,245.4167,244.4167,19.8958,20.0208,217.2552,219.0208,225.0208,217.9896,228.4583,230.9167,229.6042,228.8333,228.1458,202.2969,204.4375,204.8125,223.5833,220.8958,219.1250,217.3177,216.0000,214.0000,212.5000,211.1875,209.8125,205.9062,205.7917,204.4167,201.5417,200.2292,198.7292,197.9792,66.2708,66.5833,165.1562,137.1250,168.8750,173.2371,182.3333,181.3333,178.6146,176.6250,174.9375,172.3750,170.6875,168.8125,146.6443,142.0208,139.7500,136.0000,132.6250,129.5625,126.6667,114.4792,109.6354,109.5573,109.7135,111.3333,108.8333,105.3333,100.9583,96.0365,93.5872,94.1250,93.5433,94.2500,94.0000,93.8750,94.0000,94.2500,93.9375,94.4375,94.4375,94.5000
205.1875,204.3125,205.7500,84.0417,84.0417,83.7917,83.7917,84.0417,83.2917,85.3750,89.1875,92.8125,95.8021,100.0521,104.3333,109.5833,116.2292,121.9792,126.4062,272.2083,273.2917,274.7917,276.5417,277.6667,279.4792,280.5117,288.0417,286.9167,286.6667,288.8125,290.2500,223.9583,293.8125,285.9688,231.1979,159.0417,253.2500,153.9792,149.0260,147.8073,146.3333,146.0208,142.5208,144.2083,144.7083,144.0833,129.2500,127.3125,125.2500,124.4688,125.4062,130.2500,130.3750,124.5417,125.4167,127.4062,149.7083,123.5469,122.6719,122.5469,123.5781,142.2083,141.0208,142.2708,143.2083,143.3333,143.2083,143.0208,143.4583,145.2083,147.8698,149.8542,167.8750,168.9375,170.1250,173.3100,174.1536,199.2917,199.1667,198.9167,200.0747,196.1667,195.7917,196.6667,200.9727,205.5625,260.7500,259.7500,260.1250,259.2500,258.2708,258.7500,258.3750,257.5000,256.8750,257.0000,256.7500,256.7500,256.0000,242.2656,241.1250,240.3457,240.4219,241.1875,249.3750,241.0781,242.8906,20.3021,20.1146,19.8646,233.2083,232.6042,232.4583,235.0417,240.9792,244.5417,243.5417,242.3542,241.4167,207.3125,208.0625,20.4271,209.9375,203.2812,203.2500,215.6875,204.5000,20.4271,204.7500,201.6953,201.9167,201.4167,204.1667,204.7917,207.9375,204.0312,202.6667,215.0000,207.2812,208.1250,193.0417,189.7760,189.9010,189.2604,190.2448,189.7917,188.7917,199.9792,193.8542,190.2604,66.5833,66.4583,167.1250,167.6875,167.9375,167.9375,168.6875,180.3021,177.7500,176.7500,174.4375,172.3750,170.5625,169.2500,145.4583,142.3958,139.3646,136.7500,132.6250,129.9375,126.6875,124.1667,112.3854,112.7292,111.8333,111.4583,108.5208,104.8958,101.7708,97.1302,93.6517,93.4246,93.8750,93.4500,94.1250,94.0625,94.0000,93.9375,94.3125,94.3125,94.5000,94.6875
120.1543,120.6406,120.6133,84.4167,84.0417,83.6667,83.4688,83.6667,83.4375,85.3438,89.1250,92.5000,96.3177,100.3021,103.9583,108.4583,115.1042,121.9167,124.6562,260.0000,261.0000,245.9167,247.4688,249.1667,256.5000,247.1667,217.7396,216.8333,216.9427,215.9375,217.1250,217.8958,217.0677,218.8646,223.5208,159.5417,157.7292,152.4792,147.0983,145.0208,142.4583,140.7083,140.0208,139.0000,140.2500,127.8125,125.1875,123.1094,120.7227,120.2917,119.2292,118.5417,116.9792,116.2917,115.3542,115.9792,116.3542,117.7917,118.3542,120.1667,121.6667,123.0625,142.3958,141.5208,142.0833,142.7083,143.6458,143.5208,145.2708,147.5026,148.6042,153.0417,163.0417,163.6250,165.3125,167.0000,169.1875,170.5625,173.0000,173.7728,175.7865,182.3333,184.5208,175.0599,174.8411,164.6250,172.6250,172.4375,168.3750,167.0938,166.4062,167.8125,165.6875,165.5938,167.2500,165.4375,161.7266,160.7461,158.6042,158.4792,159.1667,159.5417,158.1042,157.4167,155.6667,155.1667,158.9167,155.9792,153.6354,155.3542,154.7917,154.0417,155.4167,153.1042,153.8542,154.1979,153.5417,155.2917,152.3542,152.6667,151.3229,151.2604,151.5417,150.2760,150.7292,151.7292,151.8854,151.3854,151.5104,151.8854,150.6667,150.6979,150.7292,150.7292,151.0104,150.0573,148.7604,147.9401,148.1042,148.3229,149.2448,148.1458,148.2708,147.0833,147.5833,147.5208,146.5208,145.7083,147.0833,147.5833,66.3958,66.3958,144.9583,136.9115,145.5833,145.3333,144.5208,144.0833,143.9583,143.3333,143.2708,142.7083,143.4583,142.8958,142.4583,140.1146,139.0208,136.1250,132.6875,129.6875,126.5417,119.5417,114.2604,112.9583,111.7292,110.8333,108.8333,104.9583,101.4583,96.9896,93.6029,93.6458,93.8750,93.8750,93.5521,93.9375,94.0625,94.1250,94.1875,94.1875,94.3750,94.3750
91.0000,91.1250,85.8750,83.8438,83.9167,83.7917,83.4375,83.9167,82.8281,85.0000,88.2500,91.8125,95.5000,99.7396,103.5833,109.4635,113.5104,121.3542,125.0000,171.6875,170.3750,170.6875,170.0000,169.3125,169.7500,170.1250,170.4375,169.8750,168.0625,170.2500,168.7500,168.1250,167.4688,165.8125,161.2812,157.1667,155.5417,153.4479,147.0208,144.3333,141.7083,139.7396,139.2083,139.6250,130.2500,128.5625,125.2500,122.7969,120.4395,119.1667,118.3542,117.7917,116.9792,115.1667,115.1667,115.4167,116.2292,116.9792,117.6667,119.9966,121.3516,122.7812,138.1250,138.1250,138.7500,138.8750,139.5521,140.3646,140.9583,142.3333,143.4583,143.5833,143.3958,143.6458,141.9583,139.8021,141.1458,139.0833,139.3333,138.7708,138.2708,137.7396,136.8021,137.8021,137.0365,135.5000,134.9375,134.7500,133.2500,132.1250,132.4375,131.4375,131.8750,130.5625,131.0000,130.5625,130.0000,129.5000,129.2500,129.3750,128.8125,129.5000,128.8125,129.0000,128.2500,128.0625,128.3125,127.7812,128.0000,128.0625,128.3125,127.3438,127.8438,127.2500,126.7188,126.3125,126.4688,126.9688,126.8438,126.5000,126.8125,126.8125,126.6875,126.6250,126.9688,126.4375,126.4062,125.9062,125.2188,125.4375,125.6875,125.8750,125.8438,125.3750,125.2500,125.1250,125.0625,124.8125,123.6094,124.4062,124.9688,123.4844,123.4844,123.5000,123.0938,123.1406,123.6406,123.3750,123.8906,125.2500,66.2083,66.2708,123.8594,120.5742,120.9167,120.6042,120.5664,119.9792,120.7917,120.5417,121.9792,121.6042,120.9167,121.6042,119.9792,120.6042,119.3542,119.1667,118.7292,118.4167,118.2917,117.1042,114.4479,113.0417,112.2917,110.5833,109.3333,105.2708,102.0208,96.0521,93.6673,93.8125,94.1875,94.1875,94.2500,94.0000,94.1250,94.1875,94.0625,94.2500,94.3125,94.6250
76.6667,76.7917,76.8542,76.9792,78.1667,80.1042,81.5625,83.6667,82.9167,84.8750,88.7500,91.3750,95.4375,98.9896,103.7708,108.2708,112.7604,120.7292,125.2188,142.2083,141.0833,140.3646,139.5833,138.5208,138.4583,138.8333,138.2500,137.8750,137.3750,136.5052,136.7500,136.1250,134.9375,134.8750,135.1250,134.1250,134.3125,133.7500,132.5000,133.1875,133.3125,132.5000,131.5000,130.5625,128.8750,127.4062,125.0625,122.9167,120.7917,119.1667,117.9792,116.9792,116.7917,116.1042,115.2292,115.9167,115.9792,116.4792,118.1042,119.9167,121.1042,122.4688,123.7344,125.2500,125.1562,125.0938,124.3438,122.2031,121.9792,121.2917,121.1667,120.8542,120.0417,119.0417,118.7292,118.6042,117.9167,117.3542,116.8542,116.6042,116.6042,116.1667,116.2292,115.6667,115.2292,114.5729,113.9167,113.7604,113.6979,113.1979,112.6979,112.2604,111.9792,111.9167,111.5417,111.6979,111.2292,111.7917,111.3229,111.1979,110.9792,109.9323,109.9010,109.6823,109.4479,109.8854,109.1198,109.1667,109.1198,109.1458,109.1458,108.6198,108.8073,108.2708,108.3958,107.9583,107.8229,107.8151,108.3333,108.2083,108.2708,108.1458,108.2708,107.8333,108.0208,108.2708,108.0208,107.7083,108.2083,107.8333,107.5807,107.8333,107.3333,107.0208,107.8333,107.9583,108.2083,108.5026,107.6458,107.6458,107.7083,107.8333,105.1458,104.7708,104.5833,104.3958,104.2083,104.0208,103.7708,103.6458,66.6458,66.3958,103.0208,102.7083,102.5833,102.9583,102.7708,102.6458,103.2083,103.0208,102.8958,103.0833,104.3333,104.9583,104.8958,104.8333,104.7708,104.5833,104.5208,104.7708,104.3958,104.5208,104.4583,104.5208,104.2083,103.8958,103.8958,103.5833,101.4583,96.6146,93.5521,93.6908,93.8750,93.9375,93.5062,94.1250,93.8750,94.5625,94.6250,94.2500,93.6908,94.5000
70.4323,71.7604,73.6667,76.1042,77.9792,80.2292,82.6042,83.5417,82.9062,85.0000,88.6875,91.4375,95.0625,99.4896,103.2708,108.7083,113.1667,121.5417,124.0417,124.7917,124.8750,125.0000,124.8125,122.4167,121.1667,121.0417,120.5417,119.2917,117.8542,117.0417,116.5417,115.9792,115.6042,114.3229,113.9792,113.1354,111.7917,111.6042,111.5729,111.1667,110.6042,110.5833,109.9167,110.2083,110.7083,111.1354,110.7083,110.3333,109.6667,109.9167,110.2604,109.4323,108.9010,108.9583,109.7083,108.7292,108.8333,108.5964,108.1979,107.0026,105.9583,105.7083,105.6458,105.5208,104.4583,104.7083,103.9583,103.9583,103.5833,103.1458,102.9583,102.7708,102.3333,102.0208,101.3958,101.6458,101.0833,100.8333,101.0833,101.1146,100.7083,100.5208,100.1458,99.8333,99.4583,99.1771,98.4896,98.3958,98.2396,97.7500,97.6250,97.2396,97.1302,96.6250,96.7708,96.4740,96.2500,96.4271,96.5000,96.3750,96.0208,95.4740,95.4740,95.5625,96.0000,95.8125,95.1875,95.5365,95.6875,95.5625,95.6875,95.5833,95.9375,95.1875,95.5000,94.7500,95.0000,94.9349,94.8750,95.5625,95.5625,95.9375,96.3750,96.7500,96.8750,96.3750,96.3490,95.9271,95.8750,94.6250,94.3125,93.6250,93.6875,93.4375,93.3125,93.0625,92.8750,92.7500,92.3750,91.6250,91.4375,91.1875,90.8750,90.5625,90.3125,90.6250,90.3125,90.3750,90.1250,90.0625,65.9753,66.1510,90.1250,89.9375,90.6250,90.6250,90.7500,91.0625,91.1250,90.8750,91.1250,91.1250,91.3125,92.1250,92.3750,92.1250,92.3750,92.6250,92.8125,93.0625,93.0625,93.3125,93.3125,93.5000,93.2500,93.3125,93.6250,93.3750,93.0625,92.8125,93.6875,93.7500,94.2500,94.0625,94.2500,94.2500,94.3750,94.6250,94.6250,93.4866,93.5521,94.4375
71.4583,72.4792,73.6667,75.4792,77.5417,77.9792,78.1667,78.6042,80.0488,86.2188,89.0625,91.7500,95.1536,99.6458,104.3958,106.5208,108.9583,109.4583,109.7083,109.7083,109.2083,109.4583,108.3073,107.5182,106.6458,106.0833,105.5208,103.8333,103.2083,102.3333,101.4583,101.0521,100.9271,100.5833,99.8333,99.6771,99.5833,98.2083,98.2708,97.3750,96.1458,95.6250,95.6875,95.6250,95.2500,95.0625,95.1875,94.6250,94.6250,94.6536,95.3125,95.4375,94.3958,94.4661,94.6250,94.0625,94.3125,93.9375,94.0625,94.2500,94.3750,94.0625,93.8125,93.5000,92.8750,91.9375,91.6250,91.2500,91.1875,91.0625,91.1250,90.6875,90.5000,90.3125,90.1875,90.0625,89.8750,90.1250,89.8125,89.3125,89.1875,88.8125,88.3750,88.3125,88.8125,88.6875,88.6875,88.5625,88.1875,87.9688,87.4375,87.5625,87.5000,87.7188,87.4062,87.1875,87.2812,86.6250,86.6250,86.5312,86.3438,86.7500,86.5938,86.6250,86.9688,87.7812,88.0000,88.0625,88.5625,88.1875,87.7500,87.5938,87.5938,87.8125,87.3438,87.3438,87.0000,86.1562,85.5625,85.3750,85.1562,84.8438,84.5312,84.5625,84.2812,84.2500,83.7917,83.9167,83.4167,83.0417,83.2917,82.6667,82.9375,83.4167,82.9167,82.4167,83.0417,82.9167,83.2917,83.1667,82.7656,82.7917,83.1667,83.2917,83.2917,82.6667,82.9167,82.4167,82.5417,76.5417,66.6897,66.5202,85.1667,82.4792,82.4792,82.5417,82.9167,82.7917,82.7917,83.4167,83.2917,83.0417,83.7917,84.1667,84.7917,84.7917,84.2917,84.0417,84.1667,84.5417,84.2917,84.7917,84.9167,85.2917,85.6667,85.5417,85.7917,85.1250,84.9688,85.4062,86.1875,86.1250,86.0938,86.4375,86.5625,87.2188,87.0625,87.5625,87.4688,87.6875,88.1875,88.1875
70.4479,70.3333,70.3333,70.5885,70.9479,73.0417,75.1667,77.2292,79.9792,86.0000,88.8750,92.1250,95.6250,98.1146,98.8750,98.5208,98.2500,97.8646,98.1250,97.1146,96.6250,95.5000,95.2500,94.4375,93.9375,93.0000,92.5625,92.2500,91.5625,90.9375,90.8125,90.1250,89.5000,89.1250,88.9375,88.3125,87.5938,87.1875,86.4062,86.6562,86.0938,85.9688,86.0312,85.6250,85.7188,85.7812,85.2500,84.9688,85.0938,84.6875,84.2917,84.1667,83.7188,84.1667,83.9167,83.7344,83.9167,83.7917,83.4167,83.4167,83.1667,83.4167,83.2917,83.5417,83.1667,82.9167,82.6667,83.0417,82.9167,83.1667,83.1667,82.7917,82.2188,83.1667,82.5417,81.8828,81.6042,81.2578,81.1667,81.3542,81.4167,81.5417,81.4792,81.9792,81.8542,81.7292,81.2917,80.8542,80.9792,80.8542,80.7292,80.7292,80.6667,81.1042,80.6667,80.7917,80.2292,80.5417,80.8542,80.4167,79.3542,79.4167,79.3542,79.0417,79.0417,78.7292,78.7292,79.1042,78.2917,78.2917,78.2292,78.1042,77.8542,78.2292,77.2917,77.2917,77.1042,76.9167,76.7917,76.4792,76.6667,76.6042,76.3542,76.1667,76.9167,76.2917,76.5417,76.6042,76.2292,76.4792,76.1667,76.0417,76.6667,76.6042,76.2292,76.3542,76.1042,76.2292,76.1667,76.1042,75.9792,76.1667,76.5417,75.7917,75.7917,76.4792,76.2292,76.2292,76.6667,66.3171,66.3327,66.8883,66.9753,76.6042,76.7292,76.6042,76.8542,76.5417,76.9167,76.9167,76.9167,77.4167,76.9792,77.4792,77.1667,77.0417,76.9167,76.9167,77.7292,77.8542,77.9167,77.7292,77.7292,77.6667,77.7292,78.1042,78.7292,79.0417,79.1667,78.9167,79.6042,79.3542,79.2292,79.5417,79.6667,79.4792,80.1042,80.1667,80.5417,80.4792,80.6667,80.3516
65.3333,67.0885,67.3971,69.7604,71.2292,73.1042,75.6042,77.2292,78.1667,78.2917,79.4792,79.5566,89.6875,88.9375,88.8750,88.6875,88.6875,88.1875,87.9062,86.3750,86.2812,85.0938,84.9167,84.5312,83.6875,83.0417,83.2917,82.5417,81.9167,81.9792,81.6042,81.6042,80.8542,81.1667,81.1042,80.6667,80.6667,80.5417,80.2917,79.8542,80.1042,79.1667,79.3542,79.4792,78.7917,78.4167,78.0417,77.5417,77.6042,77.5417,77.4167,76.8542,77.1667,76.5417,76.7292,76.7917,76.2917,76.1667,76.3542,76.0417,75.7292,75.7917,75.8542,75.3542,75.6042,75.0417,75.1042,75.0417,74.3854,74.1667,74.5104,73.5104,73.8542,73.4792,73.4479,73.9167,73.5417,73.8542,74.2917,73.8229,74.4479,74.6667,74.7917,74.2604,74.4479,74.0417,74.1979,74.1042,74.5417,74.3542,74.2917,74.3542,73.6354,73.6354,73.1354,72.8854,72.7292,72.6667,72.4167,72.4167,72.0729,71.5417,71.6667,71.9583,71.4792,71.8229,71.6354,72.3333,72.0833,71.8333,71.5833,71.7292,71.4583,71.5833,71.3333,70.9583,71.0833,71.3333,70.9583,71.2083,70.6510,70.8333,70.3333,71.2083,70.4583,70.4583,70.2917,70.4948,70.3333,70.2083,70.3333,70.0833,70.7083,70.3333,70.4583,70.3333,70.0729,70.2917,70.7083,70.3333,71.0833,70.4583,70.4583,70.5833,69.9583,70.0833,69.8333,70.3333,70.0833,68.0833,66.3958,66.7708,68.8333,70.3333,70.4583,70.8333,71.2083,71.3854,71.5833,72.0833,71.8333,71.8333,70.9583,70.8333,71.3333,71.7083,72.0833,71.9583,71.9583,72.4583,72.0104,72.3333,72.4583,72.8333,72.7083,72.5833,72.9583,72.9583,72.5833,72.9583,72.4583,72.5104,72.3854,72.9479,73.3854,73.5729,73.8854,73.5729,73.6354,74.0104,74.6042,74.8542
65.1458,66.9583,67.8464,69.6667,71.1667,72.5729,72.3542,73.2292,74.4479,76.9167,79.7917,80.7917,81.9167,81.5417,82.0417,80.7917,81.1042,80.9167,79.8542,79.4792,79.3542,78.8542,78.5417,77.7917,77.2292,76.8542,76.6042,76.1667,75.8542,76.0417,75.4167,75.4167,74.9792,74.5104,74.5104,74.6667,74.1979,74.4167,73.6354,73.2292,73.5729,73.2604,72.8229,72.8229,72.3854,72.4583,72.3333,72.5833,71.8333,71.4583,71.5833,71.4583,70.7083,70.9583,70.2083,70.3333,70.4635,70.3333,69.9583,69.8333,69.8333,69.5833,69.9583,69.4583,69.5833,69.5833,69.3333,68.7292,68.8958,68.9583,68.5208,69.1458,68.7708,68.7083,68.6458,68.1458,68.0833,67.3333,67.2708,67.4583,67.2708,67.1458,67.4583,67.3958,67.5208,67.3958,67.0833,67.2708,67.5833,67.2708,67.1458,66.8333,66.5208,67.2708,67.1458,66.3333,66.1458,66.2708,66.2083,66.3333,66.5833,66.4583,67.1458,66.9583,66.8333,67.2708,67.7708,67.5833,68.2708,68.3333,68.7083,68.3958,68.3333,67.8958,67.9583,67.8333,67.8333,66.4583,67.0208,66.5407,66.9583,66.4583,66.7083,66.3333,66.4583,66.5208,66.0208,66.5833,66.2083,65.8333,65.7083,66.0833,66.2083,66.2708,65.7708,66.3333,66.2083,66.5833,66.3333,66.4583,66.2708,66.8333,66.5833,66.7083,66.4583,66.3958,66.3958,66.4583,66.2083,66.3333,66.4583,66.0833,66.3958,66.6458,66.9583,67.3958,67.9583,67.9583,67.5833,67.8333,67.8958,67.5208,67.5833,67.3958,68.0833,67.7083,67.7708,67.8958,67.4583,67.5208,67.5833,67.5833,68.0208,67.8958,68.4583,68.0208,68.3333,68.3333,68.2708,68.4583,68.1458,68.4583,68.2708,69.0208,69.2708,68.9583,69.0833,69.1458,69.4583,69.2083,69.7083,69.8333
65.2708,67.0208,67.5833,67.5208,67.5182,68.3333,70.2760,73.0417,74.7917,75.4792,75.8542,75.6667,75.6667,75.3542,74.9792,74.4167,73.6667,73.5729,72.8229,73.2083,72.2083,72.0833,71.9479,71.6042,71.3333,70.8333,70.5833,70.2083,70.7083,70.0833,69.8333,69.5833,69.4583,68.8958,69.0833,68.9583,68.8958,68.9583,69.0833,68.5833,68.2708,68.2083,67.9583,67.8333,67.5833,67.2708,67.2083,67.2083,67.2708,66.0833,66.2083,66.2083,66.0208,65.6458,65.5833,65.8333,65.0833,65.4583,65.1458,65.2083,64.9583,64.5833,64.6458,64.3333,64.0208,64.1458,64.0833,63.6458,63.7708,63.3333,63.8333,63.7708,63.3333,63.3958,63.3333,63.3958,63.4583,63.5833,63.7708,62.8958,63.2083,63.3333,63.0833,62.8333,62.8333,62.6458,62.6458,62.4583,62.5833,62.2708,61.9583,62.5208,62.0208,61.9583,62.0833,62.0833,62.0208,62.2083,62.1458,61.9583,62.0208,62.1458,61.5833,61.3958,61.7083,61.3021,61.2083,61.8333,61.8958,61.6458,61.7708,61.3958,61.8958,61.7708,61.9583,61.5833,61.8958,61.9583,61.6458,61.8333,61.9583,61.9583,61.2708,61.8333,61.8958,61.7083,61.5208,61.8333,61.8333,62.3333,62.3333,62.3333,62.4583,62.2708,62.3333,62.8333,62.3333,62.3333,62.1458,62.3333,62.7083,62.8958,62.8958,63.3958,63.2083,63.6458,63.5833,63.3958,63.5208,63.7083,63.8333,63.5208,63.7083,63.8333,63.4583,63.2083,63.5208,63.5208,63.8958,63.6458,63.5833,63.8333,63.6458,63.3958,63.3333,63.5208,63.2708,63.3958,63.5208,63.3958,63.7708,63.8333,63.6458,64.2708,63.9583,63.6458,64.0833,64.3958,64.4583,64.2708,64.0833,64.3958,64.4583,64.5833,64.5208,64.5208,65.0208,65.2083,65.5833,65.5833,65.3958,65.7708
63.7708,63.3333,64.1458,64.8958,67.2708,68.2708,69.9583,70.4583,70.7083,70.3333,70.7083,70.7083,70.6667,69.5833,69.5833,69.2708,68.7708,68.7708,68.0208,67.3581,67.5833,67.4583,67.4583,67.3958,66.9245,66.8333,66.5208,66.0208,65.6458,65.7708,65.7083,65.7083,65.2083,65.3958,65.3958,64.6458,64.5833,64.3958,64.3958,63.5833,63.5208,63.2083,63.3333,62.9583,62.8958,62.6458,62.5833,62.5208,62.0208,62.3333,61.8958,61.7083,61.1771,60.7708,61.1146,60.8333,60.2083,60.3333,59.9896,60.3958,60.1146,60.2708,59.8958,60.0521,59.6458,59.8958,59.3958,59.5521,59.5833,59.2396,59.5208,59.5833,59.5208,59.1146,58.8021,58.8021,58.7708,58.9583,58.8333,58.9271,59.1458,58.7708,58.9896,58.7396,58.7500,58.8750,59.0000,59.0000,58.5000,58.7500,58.1250,58.1250,57.8750,58.2500,57.7500,57.7500,57.8750,58.0208,58.0000,58.2500,57.8750,58.2500,58.3750,58.0000,57.6250,57.5000,19.5208,19.3958,18.9583,57.8750,57.7500,58.1250,58.0000,58.1250,57.7500,58.0000,58.5000,58.2500,58.2500,58.0000,58.0000,57.8750,57.7500,58.2500,57.8750,57.6250,58.1250,58.2500,58.0000,57.8750,58.1250,58.4896,58.1250,58.0000,58.5000,58.2500,58.0000,58.1250,58.3750,58.1250,58.7500,58.1250,58.6250,58.8750,58.3750,58.3750,58.8750,59.3750,58.5000,58.8750,58.7500,59.5208,59.6250,59.3750,59.2708,59.0000,59.5208,59.3750,59.6250,59.5000,59.6250,59.3750,58.8958,58.7396,59.5000,58.9583,59.6250,59.1771,60.1250,59.8333,59.9271,59.9583,59.5521,59.4896,59.7708,59.6458,59.7396,60.1771,60.5833,60.6458,60.9583,61.1146,61.2396,60.7083,61.2083,61.5208,61.3958,61.8958,62.1458,62.0833,62.5208,62.3333
61.4583,62.3333,63.8333,65.0208,66.6458,67.5208,67.5208,67.2708,67.4583,66.7083,66.8958,66.6458,66.3958,65.7708,64.6458,64.6458,64.0833,64.2083,63.8333,63.7708,63.4583,63.5833,63.6458,63.2708,62.9583,63.0833,62.7083,62.4583,62.4583,61.8333,61.6458,60.8646,60.8021,60.5521,60.3958,60.3958,59.9583,59.9271,59.6458,59.6146,59.2396,59.3021,59.0000,58.8333,58.8021,59.0000,58.3750,58.1250,57.6250,58.2500,57.7500,57.8750,57.3750,57.7500,57.8750,57.8750,57.3750,57.0000,56.7500,57.1250,57.1250,57.0000,57.0000,57.1250,57.1250,57.2500,56.7500,56.5000,56.7500,57.0000,56.8750,56.7500,56.5000,56.7500,56.3750,56.3750,55.8125,56.2500,56.0000,55.9375,55.6875,56.1250,55.7500,55.6250,55.5000,55.5625,55.8125,55.5625,55.8125,55.6875,56.1250,56.0000,55.9375,55.4375,55.8750,55.7500,55.6250,55.4375,55.6250,55.3750,55.3125,55.2500,55.1250,55.3750,55.1875,55.4375,55.1875,55.7500,55.5000,55.3750,55.1875,55.3750,55.2500,55.0000,55.1875,55.1875,55.2500,55.3750,55.0000,55.1875,55.3125,55.0000,55.1875,55.5625,55.3125,55.4375,55.4375,55.3750,55.7500,55.5000,55.6875,55.5000,55.5625,54.3333,56.2500,55.8750,56.0000,56.5000,55.8750,56.5000,56.2500,56.1250,56.6250,56.0000,56.1250,56.7500,56.6250,56.6250,56.3750,56.2500,56.2500,56.5000,56.5000,56.8750,56.2500,55.8125,56.1250,56.1250,56.1250,56.1250,56.2500,56.2500,56.0000,56.3750,56.3750,55.9375,56.3750,57.1250,57.2500,57.5000,57.0000,56.8750,57.2500,57.1250,57.6250,57.6250,58.0000,57.5000,57.7500,57.8750,57.7500,58.1250,57.8750,58.0000,58.3750,58.1250,58.0000,58.2500,58.7500,59.0000,58.6458,59.3750
62.7708,62.9583,63.7083,63.3333,63.5833,63.5833,63.5208,63.6458,63.5833,63.4583,63.5833,63.2708,62.7083,62.6458,62.4583,61.8333,61.8958,61.2708,61.3021,61.0521,60.3021,60.2396,59.8021,59.3333,59.5833,59.7500,59.3750,59.3750,58.7500,58.6250,58.0000,58.0000,57.6250,57.8750,57.1250,57.0000,57.0000,57.0000,57.0000,57.1250,56.7500,56.5000,56.0000,56.1250,55.9375,55.9375,56.1250,55.7500,55.5625,55.6875,55.2500,55.4375,55.5625,55.2500,55.6875,54.3958,54.9375,54.8750,54.3750,54.1875,54.6875,54.1250,54.2500,54.2500,54.1250,54.2500,54.3750,54.6250,54.3750,54.2500,54.1250,54.3750,54.0000,53.8125,53.7500,53.7500,53.6875,53.3750,53.5000,53.3750,53.6875,53.3750,53.2500,53.6250,53.5000,53.2500,53.2500,53.5000,19.3646,53.3125,53.1250,53.3125,52.9375,53.2500,53.1875,52.9375,53.2500,53.2500,52.7500,52.8750,53.0000,53.2500,53.3125,53.4375,52.6875,52.6875,52.8125,52.6250,52.5625,52.7500,52.5625,52.5000,52.3125,52.1250,52.2500,51.8750,51.6875,52.0625,52.0625,51.4375,52.1875,52.0000,52.4375,52.1875,52.3750,51.6875,51.8125,51.8125,52.0625,52.3125,52.6875,52.3750,53.1250,52.9375,53.3125,52.7500,52.8750,53.3125,53.2500,52.9375,53.0625,53.5000,53.5000,53.1875,53.7500,53.8750,53.8750,54.0000,53.9375,54.1875,53.7500,53.8125,53.8750,53.1250,53.3125,53.5000,53.1875,52.8021,53.5625,53.7500,53.9375,53.8125,54.3750,54.2500,54.3750,54.1875,54.8125,54.4375,54.4375,54.8750,54.5625,54.4375,54.6250,54.7500,54.9375,54.5625,54.5625,55.2500,55.1875,55.5000,55.7500,55.6250,55.8750,56.1250,56.3750,56.3750,56.2500,56.0000,56.5000,56.1250,56.3750,56.3750
61.0521,61.7083,60.8750,60.8750,61.0521,61.0833,60.6250,60.6250,60.6458,60.3750,60.7500,59.7500,59.3750,59.2500,58.6250,58.8750,58.6250,58.1250,58.0000,57.5000,57.5000,57.1250,57.1250,56.8750,56.8750,55.7500,56.5000,55.7500,55.8125,55.3750,55.8125,55.3750,55.0625,54.8750,55.0625,54.5000,54.3750,54.6875,54.5625,54.5000,54.2500,53.3244,54.0000,54.3125,53.8750,53.5000,54.0000,53.9375,53.6250,53.3587,52.8125,53.0625,52.7500,52.4375,52.5625,52.5625,52.5625,52.1875,52.0625,51.9375,51.5625,52.0625,51.2500,51.3125,51.1875,51.1250,51.5000,51.1250,50.9375,51.0625,50.8125,50.7500,50.8125,51.0625,50.9375,50.6250,50.9375,50.8125,51.0625,51.0625,51.0000,51.0000,50.8125,51.0625,51.1875,51.0000,50.8125,51.0000,50.8125,51.4375,50.6250,50.8125,50.5625,50.6875,51.0000,51.1250,51.4375,51.0000,50.3125,51.0625,50.8750,51.0625,50.6875,50.6250,50.7500,51.1250,51.0625,50.6250,50.1875,50.3125,50.4375,50.3750,50.5000,50.5000,50.5625,50.2500,50.4375,50.6875,50.2500,50.3125,50.4375,50.6250,50.5000,50.3750,50.3750,50.0625,50.5625,50.6250,50.5000,50.8125,50.6250,50.4375,50.5000,50.9375,51.1875,51.1875,50.2500,51.0625,50.8750,51.0625,50.8125,51.1875,51.1250,51.2500,51.4375,51.4375,51.4375,51.2500,51.3750,51.1250,51.1875,51.5625,51.0625,50.9375,50.9375,51.0000,51.0000,50.8750,51.1875,51.1875,50.9375,51.0000,51.1250,51.1250,51.1250,51.4375,51.6250,51.8125,51.8125,51.6250,52.0625,52.4375,52.5000,52.2500,52.5000,52.8125,52.3750,52.9375,53.7500,53.4375,53.5625,53.8750,53.7500,53.6875,53.8125,54.1875,54.0625,54.0625,53.9375,54.0625,54.2500,54.8750
59.2500,58.7500,59.2500,58.5000,58.3750,58.7500,58.6250,58.2500,57.7500,57.3750,57.2500,57.2500,56.7500,56.7500,56.5000,55.9375,56.3750,55.6250,55.6875,55.8125,55.5000,55.1875,54.8125,54.2500,54.6875,54.6250,53.8750,54.1250,53.8750,53.8125,53.6875,53.0625,53.1875,52.5000,52.9375,52.5000,52.4375,52.5000,51.7500,51.8750,51.5625,51.5000,51.3750,51.1250,51.0000,50.8125,50.9375,51.0000,50.8750,50.6875,50.5000,50.4375,50.5625,49.8750,50.5625,50.1875,50.1875,50.2500,50.1875,50.4375,50.1250,50.2500,50.3750,49.8750,50.0625,49.6875,49.5625,49.5625,49.6250,50.0000,50.0625,49.5000,49.5625,49.5000,49.7500,49.8125,49.2500,49.5625,49.3125,48.9375,49.0000,48.6250,48.7500,49.0625,48.8750,49.0625,49.1250,48.8125,49.0000,48.8125,48.8125,48.8125,48.5000,48.5625,48.7500,48.6875,48.5000,48.6250,48.9375,48.6875,48.5625,48.5625,48.5000,48.3125,48.3750,48.5000,48.1875,48.4375,48.3125,48.0625,48.6250,48.2500,48.3750,48.6250,48.3125,48.4375,48.0000,48.5000,48.0625,48.3125,48.5625,48.3125,48.4375,48.8125,48.8750,48.5625,48.8750,48.7500,49.1250,48.5000,48.5000,49.1250,48.6250,48.8750,48.6250,48.6875,49.0000,48.8750,48.9375,49.3125,49.3125,49.0625,49.8750,49.5625,49.5625,49.4375,49.3750,49.1875,49.5625,49.7500,50.0000,49.2500,49.5000,49.5000,49.6875,49.5625,49.6250,49.4375,49.8125,49.8750,49.5625,49.9375,49.7500,49.9375,49.8125,50.0625,50.4375,50.3125,50.4375,50.1875,50.4375,50.3125,50.5000,50.5000,50.9375,50.7500,51.1250,51.2500,51.1875,51.5000,51.6875,51.2500,51.3750,51.1875,51.0625,51.7500,51.5625,51.3750,51.6250,51.8125,52.1250,52.1875
56.8750,56.7500,56.7500,56.7500,56.3750,56.2500,56.2500,55.7500,55.5625,55.3125,55.3750,54.8125,54.6250,54.3750,54.6250,54.1250,54.0625,54.1250,54.0625,53.2500,53.0000,52.9375,52.8750,52.5625,51.9375,52.2500,52.1250,51.4375,51.3750,51.0000,51.1250,50.7500,50.3750,50.2500,50.0625,50.1250,50.0625,49.8125,50.3750,50.0000,49.6875,49.5000,49.6250,49.4375,49.3750,49.4375,48.8750,49.2500,49.5000,49.0625,49.1250,49.1250,48.8125,48.5000,49.1875,48.5625,48.9375,48.4375,48.2500,48.6875,48.8125,48.3125,48.3750,47.8438,48.1875,47.7812,47.5312,47.5000,47.7500,47.4375,48.0000,47.3750,47.7188,47.4062,47.0938,46.6875,46.9688,46.6875,46.8750,47.1875,46.8438,46.8438,46.5938,47.0625,46.7188,46.5312,47.1875,47.1562,47.4688,47.4375,46.9167,47.1875,46.9375,46.7917,47.0312,47.3438,46.7917,46.9375,46.8438,47.0417,46.7188,46.9375,45.9688,46.4167,46.0312,46.7917,46.7188,46.5312,45.5938,46.0625,46.2917,45.8750,46.3750,46.0938,46.2917,46.2917,46.1667,46.1250,46.1667,46.4167,46.7917,46.6250,46.4167,46.4167,46.6667,46.9167,46.2917,46.5417,46.5417,46.5417,47.0000,46.6667,46.4167,46.4167,46.4167,46.4167,46.9167,47.0417,47.1667,46.7917,47.4167,47.6250,47.1667,47.0938,47.1250,47.7917,47.4167,48.0417,47.2917,46.8125,46.9375,46.9688,46.7500,47.0000,47.1562,47.3438,47.4688,47.2812,47.7812,47.5000,48.0625,47.6250,47.9062,48.1875,47.9062,48.9375,48.4375,48.7500,48.7500,48.9375,48.8125,48.6875,48.6875,49.4375,49.2500,49.6875,49.4375,49.8125,49.7500,49.9375,50.2500,49.8125,50.1250,50.1250,50.2500,50.3125,50.1875,50.3750,50.5000,50.5625,50.8125,50.7500
55.3125,55.4375,55.3125,55.5625,54.9375,55.0000,54.2500,54.1250,54.2500,53.8750,53.5625,53.5000,52.6875,52.5625,52.3125,52.2500,52.0000,51.5625,51.6875,51.3750,50.9375,50.7500,50.6250,50.1875,50.3125,50.2500,49.9375,49.9375,50.0000,50.1250,49.7500,49.2500,48.9375,48.8750,48.4375,48.3125,47.8125,48.1250,48.3750,47.1875,47.6250,47.3438,47.5625,47.1875,47.2812,46.7812,46.9062,47.1562,46.8750,47.2500,47.3438,46.8438,47.0000,46.8125,46.2812,46.2188,46.3750,46.4062,46.3438,46.4375,46.2812,46.5938,46.2500,46.0625,45.9375,46.1667,46.4062,46.1875,46.4688,46.9375,46.4062,46.4167,46.5417,46.5417,46.2917,46.6562,46.3750,46.1667,45.9167,46.2917,46.0417,46.4167,45.6667,45.5417,45.6667,45.5417,45.5417,45.2917,45.5417,45.2917,44.9167,45.0417,44.9167,45.1667,44.9167,45.2917,44.9167,45.2917,44.6667,45.1667,44.6667,44.9167,45.1667,45.0417,44.6667,44.7917,44.5417,44.6667,44.5417,44.5417,44.5417,44.6667,44.7917,44.6667,44.9167,45.2917,44.6667,45.0417,44.9167,45.5417,45.4167,45.2917,45.4167,44.7917,45.6667,45.0417,45.0417,45.0417,45.1667,45.2917,45.1667,45.2917,45.4167,45.5417,45.7917,45.1667,45.7917,45.2917,45.2917,45.4167,45.5417,45.5417,45.6667,45.5417,45.6667,45.2917,45.6667,45.7917,46.3438,46.1667,46.4167,46.4167,45.7917,45.7917,46.1667,45.7917,46.2917,46.0417,46.1667,46.1667,46.1667,46.2917,46.1667,46.4167,46.4167,47.0417,46.6667,47.0417,46.7917,46.6667,46.7917,47.3438,47.7917,47.2917,47.6667,47.4688,46.9688,47.6667,47.7917,47.6667,47.3438,47.9167,47.2917,48.2917,48.2917,49.2500,48.3750,48.5625,48.6875,48.7500,48.3750,48.8125
53.8750,53.2500,53.3750,53.3125,52.8125,53.2500,52.8125,52.0000,51.8750,51.5625,51.4375,51.2500,50.9375,50.8750,50.2500,50.0625,50.3125,50.0625,50.0000,50.1875,49.5000,49.4375,49.5000,49.0625,48.8125,48.9375,48.5000,48.0000,47.3750,47.5312,47.0312,46.8125,46.7188,46.8438,46.2500,46.1875,46.4062,46.0625,46.0312,46.0625,45.7500,45.9062,45.6875,45.6562,45.5000,45.4688,45.3125,45.3125,45.4062,45.4062,45.3438,45.4688,45.8438,45.8750,45.7917,45.1667,45.2917,45.4688,45.1667,44.9167,44.7917,45.0417,44.6667,44.9167,44.7917,44.7917,44.9167,44.9167,45.1667,44.6667,45.1667,45.4167,45.2917,45.1667,44.9167,44.9167,44.5417,45.0417,44.7917,45.0417,44.6667,44.6667,44.6667,44.4167,44.2917,44.5417,44.5417,44.0417,44.4167,43.9167,44.4167,44.2917,43.9167,44.1667,44.0417,43.6667,43.7917,43.9167,43.2917,43.9167,43.5417,43.9167,43.4167,43.4167,43.9167,43.9167,43.5417,43.6667,43.6667,44.0417,43.5417,44.0417,43.9167,43.7917,43.7917,43.9167,43.9167,44.0417,43.9167,44.1667,43.9167,44.1667,43.7917,44.0417,44.0417,43.9167,43.6667,43.7917,43.9167,43.7917,44.1667,44.0417,44.1667,44.0417,44.0417,44.1667,44.1667,43.9167,44.2917,44.1667,44.1667,43.7917,44.5417,44.2917,44.1667,44.2917,43.9167,44.1667,44.0417,44.2917,44.7917,44.7917,44.6667,44.4167,44.5417,44.6667,44.6667,44.6667,44.6667,45.1667,44.7917,44.5417,45.0417,44.7917,44.7917,45.4167,45.1667,45.1667,45.4167,45.6667,45.6667,45.5417,45.6667,45.9167,45.5417,45.6667,45.9167,45.6667,46.1667,46.7917,46.1667,46.7917,46.9167,47.1667,46.9167,46.6667,47.0417,47.7917,47.5417,47.6667,46.9062,47.2812
52.6875,52.2500,52.5000,52.0625,51.5625,51.2500,51.1250,50.3750,50.6250,50.7500,50.6875,50.3125,49.4375,49.6875,49.9375,49.5625,49.0000,48.9375,48.6250,48.1250,47.6562,47.3750,46.5625,46.5312,46.5625,46.6562,46.3750,46.2812,46.1250,46.0625,45.8438,46.0312,45.1562,45.7500,45.4688,44.8438,45.2812,45.3750,45.4688,45.1667,44.7917,44.6667,44.6667,44.2917,44.5417,44.2917,44.1667,44.9167,44.5417,44.6667,44.1667,43.9167,44.1667,43.7917,44.4167,43.7917,44.0417,43.9167,43.7917,43.9167,44.1667,43.9167,43.6667,43.6667,43.7917,44.2917,43.9167,43.6667,43.7917,44.1667,43.4167,43.4167,43.9167,43.6667,43.9167,43.6667,42.9167,43.0417,43.1667,43.2917,43.4167,43.5417,42.9167,43.0417,43.4167,42.9167,42.9167,43.0417,43.2917,42.9167,43.4167,42.7917,43.0417,42.7917,42.9167,42.6667,43.1667,42.7917,42.9167,42.9167,42.9167,42.9167,42.7917,42.7917,42.3542,42.6667,42.9167,43.0417,43.0417,43.4167,42.9167,43.1667,43.0417,42.7917,43.0417,42.9167,43.1667,43.2917,43.0417,43.1667,42.7917,43.0417,43.0417,43.1667,43.1667,43.2917,43.0417,43.2917,43.1667,43.0417,43.2917,43.2917,43.4167,43.1667,43.7917,43.7917,43.6667,43.5417,43.7917,43.5417,43.5417,43.4167,43.4167,42.9167,42.9167,43.2917,43.1667,43.1667,43.2917,43.4167,43.1667,43.0417,44.1667,43.5417,44.0417,43.9167,43.4167,44.0417,43.7917,43.7917,43.9167,43.9167,44.4167,43.9167,44.2917,44.0417,44.2917,44.2917,44.5417,44.6667,44.1667,44.6667,44.5417,44.9167,45.1667,45.1667,45.5417,45.0417,44.7917,45.7917,45.4167,45.4167,45.7917,45.6667,45.6667,45.4167,46.0417,46.5417,46.6667,46.6667,46.5417,46.4167
